hap1	hap2	G	A	hasmutation	genotype	hasdup	ratio	proportion	CNstate	bigdel
AA0040-C	0	0	42	0	FALSE	wt/wt	FALSE	0	0	1	NA
AA0041-C	0	0	31	0	FALSE	wt/wt	FALSE	0	0	1	NA
AA0042-C	0	0	42	0	FALSE	wt/wt	FALSE	0	0	1	NA
AA0043-C	0	0	26	0	FALSE	wt/wt	FALSE	0	0	1	NA
AA0044-C	0	0	39	0	FALSE	wt/wt	FALSE	0	0	1	NA
AA0048-C	1	1	4	129	TRUE	119S/119S	TRUE	32.25	0.969924812030075	3.5	NA
AA0049-C	0	1	18	45	TRUE	119S/wt	TRUE	2.5	0.714285714285714	1.5	NA
AA0050-C	1	1	0	113	TRUE	119S/119S	TRUE	Inf	1	3	NA
AA0051-C	0	0	19	0	FALSE	wt/wt	FALSE	0	0	1	NA
AA0052-C	0	0	24	0	FALSE	wt/wt	FALSE	0	0	1	NA
AA0053-C	0	0	35	0	FALSE	wt/wt	FALSE	0	0	1	NA
AA0054-C	0	0	32	0	FALSE	wt/wt	FALSE	0	0	1	NA
AA0055-C	0	0	20	0	FALSE	wt/wt	FALSE	0	0	1	NA
AA0056-C	0	0	35	0	FALSE	wt/wt	FALSE	0	0	1	NA
AA0060-C	1	1	0	182	TRUE	119S/119S	TRUE	Inf	1	5	NA
AA0061-C	1	1	1	120	TRUE	119S/119S	TRUE	120	0.991735537190083	4	NA
AA0063-C	0	0	34	0	FALSE	wt/wt	FALSE	0	0	1	NA
AA0064-C	0	0	30	0	FALSE	wt/wt	FALSE	0	0	1	NA
AA0066-C	0	0	23	0	FALSE	wt/wt	FALSE	0	0	1	NA
AA0067-C	0	0	30	0	FALSE	wt/wt	FALSE	0	0	1	NA
AA0068-C	0	0	37	0	FALSE	wt/wt	FALSE	0	0	1	NA
AA0072-C	0	1	22	73	TRUE	119S/wt	TRUE	3.31818181818182	0.768421052631579	2.5	NA
AA0073-C	0	1	41	44	TRUE	119S/wt	TRUE	1.07317073170732	0.517647058823529	2	NA
AA0074-C	0	0	39	1	FALSE	wt/wt	FALSE	0.0256410256410256	0.025	1	NA
AA0075-C	0	0	26	1	FALSE	wt/wt	FALSE	0.0384615384615385	0.037037037037037	1	NA
AA0076-C	0	0	38	0	FALSE	wt/wt	FALSE	0	0	1	NA
AA0077-C	0	0	27	0	FALSE	wt/wt	FALSE	0	0	1	NA
AA0080-C	0	0	33	0	FALSE	wt/wt	FALSE	0	0	1	NA
AA0084-C	1	1	0	162	TRUE	119S/119S	TRUE	Inf	1	4	NA
AA0085-C	0	1	21	80	TRUE	119S/wt	TRUE	3.80952380952381	0.792079207920792	2	NA
AA0086-C	0	0	38	0	FALSE	wt/wt	FALSE	0	0	1	NA
AA0087-C	0	0	44	0	FALSE	wt/wt	FALSE	0	0	1	NA
AA0088-C	0	0	21	0	FALSE	wt/wt	FALSE	0	0	1	NA
AA0089-C	0	0	30	0	FALSE	wt/wt	FALSE	0	0	1	NA
AA0090-C	0	0	27	0	FALSE	wt/wt	FALSE	0	0	1	NA
AA0091-C	0	0	39	0	FALSE	wt/wt	FALSE	0	0	1	NA
AA0096-C	0	1	26	53	TRUE	119S/wt	TRUE	2.03846153846154	0.670886075949367	2	NA
AA0097-C	0	1	22	11	TRUE	119S/wt	FALSE	0.5	0.333333333333333	1	NA
AA0098-C	0	1	26	12	TRUE	119S/wt	TRUE	0.461538461538462	0.315789473684211	1.5	NA
AA0099-C	0	0	38	0	FALSE	wt/wt	FALSE	0	0	1	NA
AA0100-C	0	0	23	0	FALSE	wt/wt	FALSE	0	0	1	NA
AA0101-C	0	0	35	0	FALSE	wt/wt	FALSE	0	0	1	NA
AA0102-C	0	0	28	0	FALSE	wt/wt	FALSE	0	0	1	NA
AA0103-C	0	0	40	0	FALSE	wt/wt	FALSE	0	0	1	NA
AA0104-C	0	0	39	0	FALSE	wt/wt	FALSE	0	0	1	NA
AA0107-C	0	0	43	0	FALSE	wt/wt	FALSE	0	0	1	NA
AA0108-C	1	1	0	146	TRUE	119S/119S	TRUE	Inf	1	3	NA
AA0109-C	0	0	39	1	FALSE	wt/wt	FALSE	0.0256410256410256	0.025	1	NA
AA0110-C	0	0	28	0	FALSE	wt/wt	FALSE	0	0	1	NA
AA0111-C	0	0	35	0	FALSE	wt/wt	FALSE	0	0	1	NA
AA0113-C	0	0	37	0	FALSE	wt/wt	FALSE	0	0	1	NA
AA0114-C	0	0	39	0	FALSE	wt/wt	FALSE	0	0	1	NA
AA0115-C	0	0	27	0	FALSE	wt/wt	FALSE	0	0	1	NA
AA0116-C	0	0	29	0	FALSE	wt/wt	FALSE	0	0	1	NA
AA0122-C	0	0	37	0	FALSE	wt/wt	FALSE	0	0	1	NA
AA0123-C	0	0	33	0	FALSE	wt/wt	FALSE	0	0	1	NA
AA0124-C	0	0	35	0	FALSE	wt/wt	FALSE	0	0	1	NA
AA0125-C	0	0	31	0	FALSE	wt/wt	FALSE	0	0	1	NA
AA0127-C	0	0	33	0	FALSE	wt/wt	FALSE	0	0	1	NA
AA0132-C	0	1	48	37	TRUE	119S/wt	TRUE	0.770833333333333	0.435294117647059	2	NA
AA0133-C	0	1	21	65	TRUE	119S/wt	TRUE	3.0952380952381	0.755813953488372	2	NA
AA0134-C	0	0	32	0	FALSE	wt/wt	FALSE	0	0	1	NA
AA0135-C	0	0	31	0	FALSE	wt/wt	FALSE	0	0	1	NA
AA0136-C	0	0	35	1	FALSE	wt/wt	FALSE	0.0285714285714286	0.0277777777777778	1	NA
AA0139-C	0	0	36	0	FALSE	wt/wt	FALSE	0	0	1	NA
AA0140-C	0	1	37	14	TRUE	119S/wt	TRUE	0.378378378378378	0.274509803921569	1.5	NA
AA0141-C	0	1	37	19	TRUE	119S/wt	TRUE	0.513513513513513	0.339285714285714	1.5	NA
AB0085-C	0	0	29	0	FALSE	wt/wt	FALSE	0	0	1	NA
AB0087-C	0	0	28	0	FALSE	wt/wt	FALSE	0	0	1	NA
AB0088-C	0	0	34	0	FALSE	wt/wt	FALSE	0	0	1	NA
AB0089-C	0	0	35	0	FALSE	wt/wt	FALSE	0	0	1	NA
AB0090-C	0	0	36	0	FALSE	wt/wt	FALSE	0	0	1	NA
AB0091-C	0	0	18	0	FALSE	wt/wt	FALSE	0	0	1	NA
AB0092-C	0	0	34	0	FALSE	wt/wt	FALSE	0	0	1	NA
AB0094-C	0	0	28	0	FALSE	wt/wt	FALSE	0	0	1	NA
AB0095-C	0	0	28	0	FALSE	wt/wt	FALSE	0	0	1	NA
AB0097-C	0	0	42	0	FALSE	wt/wt	FALSE	0	0	1	NA
AB0098-C	0	0	22	0	FALSE	wt/wt	FALSE	0	0	1	NA
AB0099-C	0	0	33	0	FALSE	wt/wt	FALSE	0	0	1	NA
AB0100-C	0	0	23	0	FALSE	wt/wt	FALSE	0	0	1	NA
AB0101-C	0	1	30	14	TRUE	119S/wt	TRUE	0.466666666666667	0.318181818181818	1.5	NA
AB0103-C	0	0	31	0	FALSE	wt/wt	FALSE	0	0	1	NA
AB0104-C	0	0	33	0	FALSE	wt/wt	FALSE	0	0	1	NA
AB0108-C	0	0	10	0	FALSE	wt/wt	FALSE	0	0	1	NA
AB0109-C	0	0	27	0	FALSE	wt/wt	FALSE	0	0	1	NA
AB0110-C	0	0	54	0	FALSE	wt/wt	FALSE	0	0	1	NA
AB0111-C	0	0	33	0	FALSE	wt/wt	FALSE	0	0	1	NA
AB0112-C	0	0	27	0	FALSE	wt/wt	FALSE	0	0	1	NA
AB0113-C	0	1	39	14	TRUE	119S/wt	TRUE	0.358974358974359	0.264150943396226	1.5	NA
AB0114-C	0	0	53	1	FALSE	wt/wt	FALSE	0.0188679245283019	0.0185185185185185	1	NA
AB0115-C	0	0	36	0	FALSE	wt/wt	FALSE	0	0	1	NA
AB0117-C	0	1	17	42	TRUE	119S/wt	TRUE	2.47058823529412	0.711864406779661	2	NA
AB0118-C	0	0	35	0	FALSE	wt/wt	FALSE	0	0	1	NA
AB0119-C	0	1	22	11	TRUE	119S/wt	TRUE	0.5	0.333333333333333	1.5	NA
AB0122-C	0	0	25	0	FALSE	wt/wt	FALSE	0	0	1	NA
AB0123-C	0	0	40	0	FALSE	wt/wt	FALSE	0	0	1	NA
AB0124-C	0	0	20	0	FALSE	wt/wt	FALSE	0	0	1	NA
AB0126-C	0	0	24	0	FALSE	wt/wt	FALSE	0	0	1	NA
AB0127-C	0	0	37	0	FALSE	wt/wt	FALSE	0	0	1	NA
AB0128-C	0	0	38	0	FALSE	wt/wt	FALSE	0	0	1	NA
AB0129-C	0	0	28	0	FALSE	wt/wt	FALSE	0	0	1	NA
AB0130-C	0	0	18	0	FALSE	wt/wt	FALSE	0	0	1	NA
AB0133-C	0	1	27	17	TRUE	119S/wt	TRUE	0.62962962962963	0.386363636363636	1.5	NA
AB0134-C	0	1	12	30	TRUE	119S/wt	TRUE	2.5	0.714285714285714	1.5	NA
AB0135-C	0	1	33	22	TRUE	119S/wt	TRUE	0.666666666666667	0.4	1.5	NA
AB0136-C	0	1	22	47	TRUE	119S/wt	TRUE	2.13636363636364	0.681159420289855	2	NA
AB0137-C	0	0	39	0	FALSE	wt/wt	FALSE	0	0	1	NA
AB0138-C	0	0	37	0	FALSE	wt/wt	FALSE	0	0	1	NA
AB0139-C	0	0	31	0	FALSE	wt/wt	FALSE	0	0	1	NA
AB0140-C	0	0	34	0	FALSE	wt/wt	FALSE	0	0	1	NA
AB0142-C	0	0	20	0	FALSE	wt/wt	FALSE	0	0	1	NA
AB0143-C	0	1	13	49	TRUE	119S/wt	TRUE	3.76923076923077	0.790322580645161	2	NA
AB0145-C	0	1	15	48	TRUE	119S/wt	TRUE	3.2	0.761904761904762	2	NA
AB0146-C	0	1	28	13	TRUE	119S/wt	TRUE	0.464285714285714	0.317073170731707	1.5	NA
AB0147-C	0	0	36	0	FALSE	wt/wt	FALSE	0	0	1	NA
AB0148-C	0	0	40	0	FALSE	wt/wt	FALSE	0	0	1	NA
AB0150-C	0	1	14	39	TRUE	119S/wt	TRUE	2.78571428571429	0.735849056603774	1.5	NA
AB0151-C	0	0	39	0	FALSE	wt/wt	FALSE	0	0	1	NA
AB0153-C	0	1	29	20	TRUE	119S/wt	TRUE	0.689655172413793	0.408163265306122	1.5	NA
AB0155-C	0	0	34	0	FALSE	wt/wt	FALSE	0	0	1	NA
AB0157-C	0	1	36	38	TRUE	119S/wt	TRUE	1.05555555555556	0.513513513513513	2	NA
AB0158-C	0	1	33	13	TRUE	119S/wt	TRUE	0.393939393939394	0.282608695652174	1.5	NA
AB0159-C	0	1	13	42	TRUE	119S/wt	TRUE	3.23076923076923	0.763636363636364	2	NA
AB0160-C	0	1	28	7	TRUE	119S/wt	TRUE	0.25	0.2	1.5	NA
AB0161-C	0	0	44	0	FALSE	wt/wt	FALSE	0	0	1	NA
AB0162-C	0	0	29	0	FALSE	wt/wt	FALSE	0	0	1	NA
AB0164-C	0	0	31	0	FALSE	wt/wt	FALSE	0	0	1	NA
AB0165-C	0	0	42	0	FALSE	wt/wt	FALSE	0	0	1	NA
AB0166-C	0	0	37	0	FALSE	wt/wt	FALSE	0	0	1	NA
AB0167-C	0	0	49	0	FALSE	wt/wt	FALSE	0	0	1	NA
AB0169-C	0	0	23	0	FALSE	wt/wt	FALSE	0	0	1	NA
AB0170-C	0	1	20	60	TRUE	119S/wt	TRUE	3	0.75	2.5	NA
AB0171-C	0	0	24	0	FALSE	wt/wt	FALSE	0	0	1	NA
AB0172-C	0	0	32	1	FALSE	wt/wt	FALSE	0.03125	0.0303030303030303	1	NA
AB0173-C	0	0	26	0	FALSE	wt/wt	FALSE	0	0	1	NA
AB0174-C	0	0	20	0	FALSE	wt/wt	FALSE	0	0	1	NA
AB0175-C	0	0	32	0	FALSE	wt/wt	FALSE	0	0	1	NA
AB0176-C	0	0	26	0	FALSE	wt/wt	FALSE	0	0	1	NA
AB0177-C	0	0	19	0	FALSE	wt/wt	FALSE	0	0	1	NA
AB0178-C	0	0	27	0	FALSE	wt/wt	FALSE	0	0	1	NA
AB0179-C	0	0	21	0	FALSE	wt/wt	FALSE	0	0	1	NA
AB0181-C	0	0	23	0	FALSE	wt/wt	FALSE	0	0	1	NA
AB0182-C	0	0	30	0	FALSE	wt/wt	FALSE	0	0	1	NA
AB0183-C	0	0	18	0	FALSE	wt/wt	FALSE	0	0	1	NA
AB0184-C	0	0	35	0	FALSE	wt/wt	FALSE	0	0	1	NA
AB0185-C	0	0	28	0	FALSE	wt/wt	FALSE	0	0	1	NA
AB0186-C	0	0	22	0	FALSE	wt/wt	FALSE	0	0	1	NA
AB0187-C	0	0	32	0	FALSE	wt/wt	FALSE	0	0	1	NA
AB0188-C	0	0	27	0	FALSE	wt/wt	FALSE	0	0	1	NA
AB0189-C	0	0	25	0	FALSE	wt/wt	FALSE	0	0	1	NA
AB0190-C	0	0	22	0	FALSE	wt/wt	FALSE	0	0	1	NA
AB0191-C	0	0	27	1	FALSE	wt/wt	FALSE	0.037037037037037	0.0357142857142857	1	NA
AB0192-C	0	0	28	0	FALSE	wt/wt	FALSE	0	0	1	NA
AB0195-C	0	0	21	0	FALSE	wt/wt	FALSE	0	0	1	NA
AB0196-C	0	0	37	0	FALSE	wt/wt	FALSE	0	0	1	NA
AB0197-C	0	1	29	28	TRUE	119S/wt	TRUE	0.96551724137931	0.491228070175439	1.5	NA
AB0198-C	0	1	35	13	TRUE	119S/wt	TRUE	0.371428571428571	0.270833333333333	1.5	NA
AB0199-C	0	0	31	0	FALSE	wt/wt	FALSE	0	0	1	NA
AB0200-C	0	0	32	0	FALSE	wt/wt	FALSE	0	0	1	NA
AB0201-C	0	0	29	0	FALSE	wt/wt	FALSE	0	0	1	NA
AB0202-C	0	0	35	0	FALSE	wt/wt	FALSE	0	0	1	NA
AB0203-C	0	0	42	0	FALSE	wt/wt	FALSE	0	0	1	NA
AB0204-C	0	0	35	0	FALSE	wt/wt	FALSE	0	0	1	NA
AB0205-C	0	0	18	0	FALSE	wt/wt	FALSE	0	0	1	NA
AB0206-C	0	0	34	0	FALSE	wt/wt	FALSE	0	0	1	NA
AB0207-C	0	0	35	0	FALSE	wt/wt	FALSE	0	0	1	NA
AB0208-C	0	1	16	56	TRUE	119S/wt	TRUE	3.5	0.777777777777778	2.5	NA
AB0209-C	0	0	35	0	FALSE	wt/wt	FALSE	0	0	1	NA
AB0210-C	0	0	41	0	FALSE	wt/wt	FALSE	0	0	1	NA
AB0211-C	0	1	44	10	TRUE	119S/wt	TRUE	0.227272727272727	0.185185185185185	1.5	NA
AB0212-C	0	0	29	0	FALSE	wt/wt	FALSE	0	0	1	NA
AB0213-C	0	0	17	1	FALSE	wt/wt	FALSE	0.0588235294117647	0.0555555555555556	1	NA
AB0215-C	0	0	34	0	FALSE	wt/wt	FALSE	0	0	1	NA
AB0217-C	0	1	20	39	TRUE	119S/wt	TRUE	1.95	0.661016949152542	2	NA
AB0218-C	0	0	45	0	FALSE	wt/wt	FALSE	0	0	1	NA
AB0219-C	0	0	47	0	FALSE	wt/wt	FALSE	0	0	1	NA
AB0221-C	0	0	22	0	FALSE	wt/wt	FALSE	0	0	1	NA
AB0222-C	0	0	30	0	FALSE	wt/wt	FALSE	0	0	1	NA
AB0223-C	0	0	47	0	FALSE	wt/wt	FALSE	0	0	1	NA
AB0224-C	0	0	32	0	FALSE	wt/wt	FALSE	0	0	1	NA
AB0226-C	0	0	26	0	FALSE	wt/wt	FALSE	0	0	1	NA
AB0227-C	0	0	29	0	FALSE	wt/wt	FALSE	0	0	1	NA
AB0228-C	0	1	27	18	TRUE	119S/wt	TRUE	0.666666666666667	0.4	1.5	NA
AB0229-C	0	0	33	0	FALSE	wt/wt	FALSE	0	0	1	NA
AB0231-C	0	0	23	0	FALSE	wt/wt	FALSE	0	0	1	NA
AB0232-C	0	0	40	0	FALSE	wt/wt	FALSE	0	0	1	NA
AB0233-C	0	0	37	0	FALSE	wt/wt	FALSE	0	0	1	NA
AB0234-C	0	0	27	0	FALSE	wt/wt	FALSE	0	0	1	NA
AB0235-C	0	1	19	21	TRUE	119S/wt	TRUE	1.10526315789474	0.525	2	NA
AB0236-C	0	0	89	0	FALSE	wt/wt	FALSE	0	0	1	NA
AB0237-C	0	0	44	0	FALSE	wt/wt	FALSE	0	0	1	NA
AB0238-C	0	1	16	15	TRUE	119S/wt	TRUE	0.9375	0.483870967741935	2	NA
AB0239-C	0	1	20	65	TRUE	119S/wt	TRUE	3.25	0.764705882352941	2	NA
AB0240-C	0	0	27	0	FALSE	wt/wt	FALSE	0	0	1	NA
AB0241-C	0	1	34	17	TRUE	119S/wt	TRUE	0.5	0.333333333333333	1.5	NA
AB0242-C	0	0	32	0	FALSE	wt/wt	FALSE	0	0	1	NA
AB0243-C	0	0	11	0	FALSE	wt/wt	FALSE	0	0	1	NA
AB0244-C	0	0	18	0	FALSE	wt/wt	FALSE	0	0	1	NA
AB0246-C	0	0	37	0	FALSE	wt/wt	FALSE	0	0	1	NA
AB0247-C	0	0	10	0	FALSE	wt/wt	FALSE	0	0	1	NA
AB0248-C	0	0	32	0	FALSE	wt/wt	FALSE	0	0	1	NA
AB0249-C	0	0	18	0	FALSE	wt/wt	FALSE	0	0	1	NA
AB0250-C	0	0	24	0	FALSE	wt/wt	FALSE	0	0	1	NA
AB0251-C	0	0	25	0	FALSE	wt/wt	FALSE	0	0	1	NA
AB0252-C	0	0	16	0	FALSE	wt/wt	FALSE	0	0	1	NA
AB0253-C	0	1	44	91	TRUE	119S/wt	TRUE	2.06818181818182	0.674074074074074	2	NA
AB0255-C	0	0	32	0	FALSE	wt/wt	FALSE	0	0	1	NA
AB0256-C	0	0	28	0	FALSE	wt/wt	FALSE	0	0	1	NA
AB0257-C	0	0	43	1	FALSE	wt/wt	FALSE	0.0232558139534884	0.0227272727272727	1	NA
AB0258-C	0	0	24	0	FALSE	wt/wt	FALSE	0	0	1	NA
AB0260-C	0	0	65	0	FALSE	wt/wt	FALSE	0	0	1	NA
AB0261-C	0	0	28	0	FALSE	wt/wt	FALSE	0	0	1	NA
AB0262-C	0	0	27	0	FALSE	wt/wt	FALSE	0	0	1	NA
AB0263-C	0	0	29	0	FALSE	wt/wt	FALSE	0	0	1	NA
AB0264-C	0	0	28	0	FALSE	wt/wt	FALSE	0	0	1	NA
AB0265-C	0	0	32	0	FALSE	wt/wt	FALSE	0	0	1	NA
AB0266-C	0	0	37	0	FALSE	wt/wt	FALSE	0	0	1	NA
AB0267-C	0	0	10	0	FALSE	wt/wt	FALSE	0	0	1	NA
AB0268-C	0	0	39	0	FALSE	wt/wt	FALSE	0	0	1	NA
AB0270-C	0	0	29	0	FALSE	wt/wt	FALSE	0	0	1	NA
AB0271-C	0	0	47	0	FALSE	wt/wt	FALSE	0	0	1	NA
AB0272-C	0	0	29	0	FALSE	wt/wt	FALSE	0	0	1	NA
AB0273-C	0	0	84	0	FALSE	wt/wt	FALSE	0	0	1	NA
AB0274-C	0	1	14	45	TRUE	119S/wt	TRUE	3.21428571428571	0.76271186440678	2	NA
AB0275-C	0	0	38	0	FALSE	wt/wt	FALSE	0	0	1	NA
AB0276-C	0	0	28	0	FALSE	wt/wt	FALSE	0	0	1	NA
AB0277-C	0	0	85	0	FALSE	wt/wt	FALSE	0	0	1	NA
AB0278-C	0	0	85	0	FALSE	wt/wt	FALSE	0	0	1	NA
AB0279-C	0	1	34	16	TRUE	119S/wt	TRUE	0.470588235294118	0.32	1.5	NA
AB0280-C	0	0	62	0	FALSE	wt/wt	FALSE	0	0	1	NA
AB0281-C	0	0	29	0	FALSE	wt/wt	FALSE	0	0	1	NA
AB0282-C	0	0	27	0	FALSE	wt/wt	FALSE	0	0	1	NA
AB0283-C	0	0	8	0	FALSE	wt/wt	FALSE	0	0	1	NA
AB0284-C	0	1	26	6	TRUE	119S/wt	TRUE	0.230769230769231	0.1875	1.5	NA
AC0089-C	0	0	27	0	FALSE	wt/wt	FALSE	0	0	1	NA
AC0090-C	0	0	36	0	FALSE	wt/wt	FALSE	0	0	1	NA
AC0091-C	0	0	25	0	FALSE	wt/wt	FALSE	0	0	1	NA
AC0092-C	0	0	36	0	FALSE	wt/wt	FALSE	0	0	1	NA
AC0093-C	0	0	38	0	FALSE	wt/wt	FALSE	0	0	1	NA
AC0094-C	0	0	33	0	FALSE	wt/wt	FALSE	0	0	1	NA
AC0095-C	0	0	35	0	FALSE	wt/wt	FALSE	0	0	1	NA
AC0096-C	0	0	29	0	FALSE	wt/wt	FALSE	0	0	1	NA
AC0097-C	0	0	26	0	FALSE	wt/wt	FALSE	0	0	1	NA
AC0098-C	0	0	33	1	FALSE	wt/wt	FALSE	0.0303030303030303	0.0294117647058824	1	NA
AC0099-C	0	0	35	0	FALSE	wt/wt	FALSE	0	0	1	NA
AC0100-C	0	0	32	0	FALSE	wt/wt	FALSE	0	0	1	NA
AC0101-C	0	0	28	0	FALSE	wt/wt	FALSE	0	0	1	NA
AC0102-C	0	0	37	0	FALSE	wt/wt	FALSE	0	0	1	NA
AC0103-C	0	0	43	0	FALSE	wt/wt	FALSE	0	0	1	NA
AC0104-C	0	0	29	0	FALSE	wt/wt	FALSE	0	0	1	NA
AC0105-C	0	0	32	0	FALSE	wt/wt	FALSE	0	0	1	NA
AC0106-C	0	0	37	0	FALSE	wt/wt	FALSE	0	0	1	NA
AC0107-C	0	0	31	0	FALSE	wt/wt	FALSE	0	0	1	NA
AC0108-C	0	0	26	0	FALSE	wt/wt	FALSE	0	0	1	NA
AC0109-C	0	0	28	0	FALSE	wt/wt	FALSE	0	0	1	NA
AC0110-C	0	0	35	0	FALSE	wt/wt	FALSE	0	0	1	NA
AC0111-C	0	0	32	0	FALSE	wt/wt	FALSE	0	0	1	NA
AC0112-C	0	0	19	0	FALSE	wt/wt	FALSE	0	0	1	NA
AC0113-C	0	0	26	0	FALSE	wt/wt	FALSE	0	0	1	NA
AC0114-C	0	0	38	1	FALSE	wt/wt	FALSE	0.0263157894736842	0.0256410256410256	1	NA
AC0115-C	0	0	33	0	FALSE	wt/wt	FALSE	0	0	1	NA
AC0116-C	0	0	29	0	FALSE	wt/wt	FALSE	0	0	1	NA
AC0117-C	0	0	36	0	FALSE	wt/wt	FALSE	0	0	1	NA
AC0118-C	0	0	24	0	FALSE	wt/wt	FALSE	0	0	1	NA
AC0119-C	0	0	27	0	FALSE	wt/wt	FALSE	0	0	1	NA
AC0120-C	0	0	29	0	FALSE	wt/wt	FALSE	0	0	1	NA
AC0121-C	0	0	34	0	FALSE	wt/wt	FALSE	0	0	1	NA
AC0122-C	0	0	26	0	FALSE	wt/wt	FALSE	0	0	1	NA
AC0123-C	0	0	32	0	FALSE	wt/wt	FALSE	0	0	1	NA
AC0124-C	0	0	28	0	FALSE	wt/wt	FALSE	0	0	1	NA
AC0125-C	0	0	26	0	FALSE	wt/wt	FALSE	0	0	1	NA
AC0126-C	0	0	25	0	FALSE	wt/wt	FALSE	0	0	1	NA
AC0127-C	0	0	32	0	FALSE	wt/wt	FALSE	0	0	1	NA
AC0128-C	0	0	26	0	FALSE	wt/wt	FALSE	0	0	1	NA
AC0129-C	0	0	38	0	FALSE	wt/wt	FALSE	0	0	1	NA
AC0130-C	0	0	33	0	FALSE	wt/wt	FALSE	0	0	1	NA
AC0131-C	0	0	36	0	FALSE	wt/wt	FALSE	0	0	1	NA
AC0132-C	0	0	31	0	FALSE	wt/wt	FALSE	0	0	1	NA
AC0133-C	0	0	44	0	FALSE	wt/wt	FALSE	0	0	1	NA
AC0134-C	0	0	57	0	FALSE	wt/wt	FALSE	0	0	1	NA
AC0135-C	0	0	29	0	FALSE	wt/wt	FALSE	0	0	1	NA
AC0136-C	0	0	23	0	FALSE	wt/wt	FALSE	0	0	1	NA
AC0137-C	0	0	29	0	FALSE	wt/wt	FALSE	0	0	1	NA
AC0138-C	0	0	39	0	FALSE	wt/wt	FALSE	0	0	1	NA
AC0139-C	0	0	26	0	FALSE	wt/wt	FALSE	0	0	1	NA
AC0140-C	0	0	20	0	FALSE	wt/wt	FALSE	0	0	1	NA
AC0141-C	0	0	36	0	FALSE	wt/wt	FALSE	0	0	1	NA
AC0142-C	0	0	24	0	FALSE	wt/wt	FALSE	0	0	1	NA
AC0143-C	0	0	22	0	FALSE	wt/wt	FALSE	0	0	1	NA
AC0144-C	0	0	13	0	FALSE	wt/wt	FALSE	0	0	1	NA
AC0145-C	0	0	23	0	FALSE	wt/wt	FALSE	0	0	1	NA
AC0146-C	0	0	36	0	FALSE	wt/wt	FALSE	0	0	1	NA
AC0147-C	0	0	24	0	FALSE	wt/wt	FALSE	0	0	1	NA
AC0148-C	0	0	28	0	FALSE	wt/wt	FALSE	0	0	1	NA
AC0149-C	0	0	30	0	FALSE	wt/wt	FALSE	0	0	1	NA
AC0150-C	0	0	30	0	FALSE	wt/wt	FALSE	0	0	1	NA
AC0151-C	0	0	29	0	FALSE	wt/wt	FALSE	0	0	1	NA
AC0152-C	0	0	42	0	FALSE	wt/wt	FALSE	0	0	1	NA
AC0153-C	0	0	32	0	FALSE	wt/wt	FALSE	0	0	1	NA
AC0154-C	0	0	30	1	FALSE	wt/wt	FALSE	0.0333333333333333	0.032258064516129	1	NA
AC0155-C	0	0	29	0	FALSE	wt/wt	FALSE	0	0	1	NA
AC0156-C	0	0	37	0	FALSE	wt/wt	FALSE	0	0	1	NA
AC0157-C	0	0	29	0	FALSE	wt/wt	FALSE	0	0	1	NA
AC0158-C	0	0	29	0	FALSE	wt/wt	FALSE	0	0	1	NA
AC0159-C	0	0	35	0	FALSE	wt/wt	FALSE	0	0	1	NA
AC0160-C	0	0	27	0	FALSE	wt/wt	FALSE	0	0	1	NA
AC0161-C	0	0	24	0	FALSE	wt/wt	FALSE	0	0	1	NA
AC0162-C	0	0	37	0	FALSE	wt/wt	FALSE	0	0	1	NA
AC0163-C	0	0	28	0	FALSE	wt/wt	FALSE	0	0	1	NA
AC0164-C	0	0	23	1	FALSE	wt/wt	FALSE	0.0434782608695652	0.0416666666666667	1	NA
AC0166-C	0	0	18	0	FALSE	wt/wt	FALSE	0	0	1	NA
AC0167-C	0	0	28	0	FALSE	wt/wt	FALSE	0	0	1	NA
AC0168-C	0	0	13	0	FALSE	wt/wt	FALSE	0	0	1	NA
AC0169-C	0	0	45	0	FALSE	wt/wt	FALSE	0	0	1	NA
AC0170-C	0	0	27	0	FALSE	wt/wt	FALSE	0	0	1	NA
AC0171-C	0	0	30	0	FALSE	wt/wt	FALSE	0	0	1	NA
AC0172-C	0	0	23	0	FALSE	wt/wt	FALSE	0	0	1	NA
AC0173-C	0	0	21	0	FALSE	wt/wt	FALSE	0	0	1	NA
AC0174-C	0	0	24	0	FALSE	wt/wt	FALSE	0	0	1	NA
AC0176-C	0	0	31	0	FALSE	wt/wt	FALSE	0	0	1	NA
AC0177-C	0	0	32	0	FALSE	wt/wt	FALSE	0	0	1	NA
AC0178-C	0	0	23	0	FALSE	wt/wt	FALSE	0	0	1	NA
AC0179-C	0	0	31	0	FALSE	wt/wt	FALSE	0	0	1	NA
AC0180-C	0	0	23	0	FALSE	wt/wt	FALSE	0	0	1	NA
AC0181-C	0	0	26	0	FALSE	wt/wt	FALSE	0	0	1	NA
AC0182-C	0	0	36	0	FALSE	wt/wt	FALSE	0	0	1	NA
AC0183-C	0	0	36	0	FALSE	wt/wt	FALSE	0	0	1	NA
AC0184-C	0	0	27	0	FALSE	wt/wt	FALSE	0	0	1	NA
AC0185-C	0	0	22	0	FALSE	wt/wt	FALSE	0	0	1	NA
AC0186-C	0	0	34	0	FALSE	wt/wt	FALSE	0	0	1	NA
AC0187-C	0	0	38	0	FALSE	wt/wt	FALSE	0	0	1	NA
AC0188-C	0	0	30	0	FALSE	wt/wt	FALSE	0	0	1	NA
AC0189-C	0	0	26	0	FALSE	wt/wt	FALSE	0	0	1	NA
AC0190-C	0	0	21	0	FALSE	wt/wt	FALSE	0	0	1	NA
AC0191-C	0	0	29	0	FALSE	wt/wt	FALSE	0	0	1	NA
AC0192-C	0	0	28	0	FALSE	wt/wt	FALSE	0	0	1	NA
AC0193-C	0	0	15	1	FALSE	wt/wt	FALSE	0.0666666666666667	0.0625	1	NA
AC0194-C	0	0	27	1	FALSE	wt/wt	FALSE	0.037037037037037	0.0357142857142857	1	NA
AC0195-C	0	0	35	0	FALSE	wt/wt	FALSE	0	0	1	NA
AC0196-C	0	0	43	0	FALSE	wt/wt	FALSE	0	0	1	NA
AC0197-C	0	0	24	0	FALSE	wt/wt	FALSE	0	0	1	NA
AC0199-C	0	0	41	0	FALSE	wt/wt	FALSE	0	0	1	NA
AC0200-C	0	0	30	0	FALSE	wt/wt	FALSE	0	0	1	NA
AC0201-C	0	0	28	0	FALSE	wt/wt	FALSE	0	0	1	NA
AC0202-C	0	0	46	0	FALSE	wt/wt	FALSE	0	0	1	NA
AC0203-C	0	0	29	0	FALSE	wt/wt	FALSE	0	0	1	NA
AG0082-C	0	0	40	0	FALSE	wt/wt	FALSE	0	0	1	NA
AG0085-C	0	0	27	0	FALSE	wt/wt	FALSE	0	0	1	NA
AG0089-C	0	0	44	1	FALSE	wt/wt	FALSE	0.0227272727272727	0.0222222222222222	1	NA
AG0096-C	0	0	36	0	FALSE	wt/wt	FALSE	0	0	1	NA
AG0097-C	0	0	26	0	FALSE	wt/wt	FALSE	0	0	1	NA
AG0098-C	0	0	36	0	FALSE	wt/wt	FALSE	0	0	1	NA
AG0100-C	0	0	34	0	FALSE	wt/wt	FALSE	0	0	1	NA
AG0102-C	0	0	14	0	FALSE	wt/wt	FALSE	0	0	1	NA
AG0104-C	0	0	31	0	FALSE	wt/wt	FALSE	0	0	1	NA
AG0106-C	0	0	52	0	FALSE	wt/wt	FALSE	0	0	1	NA
AG0108-C	0	0	30	0	FALSE	wt/wt	FALSE	0	0	1	NA
AG0109-C	0	0	42	0	FALSE	wt/wt	FALSE	0	0	1	NA
AG0111-C	0	0	38	0	FALSE	wt/wt	FALSE	0	0	1	NA
AG0118-C	0	0	30	0	FALSE	wt/wt	FALSE	0	0	1	NA
AG0120-C	0	0	40	0	FALSE	wt/wt	FALSE	0	0	1	NA
AG0121-C	0	0	35	0	FALSE	wt/wt	FALSE	0	0	1	NA
AG0123-C	0	0	36	0	FALSE	wt/wt	FALSE	0	0	1	NA
AG0125-C	0	0	34	0	FALSE	wt/wt	FALSE	0	0	1	NA
AG0126-C	0	0	29	0	FALSE	wt/wt	FALSE	0	0	1	NA
AG0127-C	0	0	41	0	FALSE	wt/wt	FALSE	0	0	1	NA
AG0128-C	0	0	33	0	FALSE	wt/wt	FALSE	0	0	1	NA
AG0129-C	0	0	19	0	FALSE	wt/wt	FALSE	0	0	1	NA
AG0133-C	0	0	33	0	FALSE	wt/wt	FALSE	0	0	1	NA
AG0134-C	0	0	22	0	FALSE	wt/wt	FALSE	0	0	1	NA
AG0136-C	0	0	29	0	FALSE	wt/wt	FALSE	0	0	1	NA
AG0137-C	0	0	30	0	FALSE	wt/wt	FALSE	0	0	1	NA
AG0138-C	0	0	39	0	FALSE	wt/wt	FALSE	0	0	1	NA
AG0139-C	0	0	39	0	FALSE	wt/wt	FALSE	0	0	1	NA
AG0141-C	0	0	30	0	FALSE	wt/wt	FALSE	0	0	1	NA
AG0142-C	0	0	29	0	FALSE	wt/wt	FALSE	0	0	1	NA
AG0143-C	0	0	40	0	FALSE	wt/wt	FALSE	0	0	1	NA
AG0144-C	0	0	37	0	FALSE	wt/wt	FALSE	0	0	1	NA
AG0145-C	0	0	26	0	FALSE	wt/wt	FALSE	0	0	1	NA
AG0146-C	0	0	27	0	FALSE	wt/wt	FALSE	0	0	1	NA
AG0147-C	0	0	29	0	FALSE	wt/wt	FALSE	0	0	1	NA
AG0148-C	0	0	48	0	FALSE	wt/wt	FALSE	0	0	1	NA
AG0152-C	0	0	29	0	FALSE	wt/wt	FALSE	0	0	1	NA
AG0153-C	0	0	20	0	FALSE	wt/wt	FALSE	0	0	1	NA
AG0156-C	0	0	34	0	FALSE	wt/wt	FALSE	0	0	1	NA
AG0159-C	0	0	32	0	FALSE	wt/wt	FALSE	0	0	1	NA
AG0162-C	0	0	31	0	FALSE	wt/wt	FALSE	0	0	1	NA
AG0163-C	0	0	16	0	FALSE	wt/wt	FALSE	0	0	1	NA
AG0169-C	0	0	30	0	FALSE	wt/wt	FALSE	0	0	1	NA
AG0170-C	0	0	31	0	FALSE	wt/wt	FALSE	0	0	1	NA
AG0172-C	0	0	35	0	FALSE	wt/wt	FALSE	0	0	1	NA
AG0178-C	0	0	33	0	FALSE	wt/wt	FALSE	0	0	1	NA
AG0179-C	0	0	41	0	FALSE	wt/wt	FALSE	0	0	1	NA
AG0181-C	0	0	25	0	FALSE	wt/wt	FALSE	0	0	1	NA
AG0183-C	0	0	30	0	FALSE	wt/wt	FALSE	0	0	1	NA
AG0195-C	0	0	31	0	FALSE	wt/wt	FALSE	0	0	1	NA
AG0197-C	0	0	47	0	FALSE	wt/wt	FALSE	0	0	1	NA
AG0202-C	0	0	42	0	FALSE	wt/wt	FALSE	0	0	1	NA
AG0203-C	0	0	36	0	FALSE	wt/wt	FALSE	0	0	1	NA
AG0204-C	0	0	32	0	FALSE	wt/wt	FALSE	0	0	1	NA
AG0206-C	0	0	39	0	FALSE	wt/wt	FALSE	0	0	1	NA
AG0208-C	0	0	43	0	FALSE	wt/wt	FALSE	0	0	1	NA
AG0214-C	0	0	38	0	FALSE	wt/wt	FALSE	0	0	1	NA
AG0221-C	0	0	38	0	FALSE	wt/wt	FALSE	0	0	1	NA
AG0223-C	0	0	36	0	FALSE	wt/wt	FALSE	0	0	1	NA
AG0227-C	0	0	39	0	FALSE	wt/wt	FALSE	0	0	1	NA
AG0229-C	0	0	31	0	FALSE	wt/wt	FALSE	0	0	1	NA
AG0230-C	0	0	36	0	FALSE	wt/wt	FALSE	0	0	1	NA
AG0231-C	0	0	49	0	FALSE	wt/wt	FALSE	0	0	1	NA
AG0232-C	0	0	45	0	FALSE	wt/wt	FALSE	0	0	1	NA
AG0263-C	0	0	41	1	FALSE	wt/wt	FALSE	0.024390243902439	0.0238095238095238	1	NA
AJ0023-C	0	0	32	0	FALSE	wt/wt	FALSE	0	0	1	NA
AJ0024-C	0	0	25	0	FALSE	wt/wt	FALSE	0	0	1	NA
AJ0028-C	0	0	29	0	FALSE	wt/wt	FALSE	0	0	1	NA
AJ0032-C	0	0	28	0	FALSE	wt/wt	FALSE	0	0	1	NA
AJ0035-C	0	0	33	0	FALSE	wt/wt	FALSE	0	0	1	NA
AJ0036-C	0	0	28	0	FALSE	wt/wt	FALSE	0	0	1	NA
AJ0037-C	0	0	17	0	FALSE	wt/wt	FALSE	0	0	1	NA
AJ0038-C	0	0	23	0	FALSE	wt/wt	FALSE	0	0	1	NA
AJ0039-C	0	0	24	0	FALSE	wt/wt	FALSE	0	0	1	NA
AJ0043-C	0	0	28	0	FALSE	wt/wt	FALSE	0	0	1	NA
AJ0044-C	0	0	19	0	FALSE	wt/wt	FALSE	0	0	1	NA
AJ0045-C	0	0	37	0	FALSE	wt/wt	FALSE	0	0	1	NA
AJ0047-C	0	0	17	0	FALSE	wt/wt	FALSE	0	0	1	NA
AJ0051-C	0	0	26	0	FALSE	wt/wt	FALSE	0	0	1	NA
AJ0052-C	0	0	21	0	FALSE	wt/wt	FALSE	0	0	1	NA
AJ0056-C	0	0	30	0	FALSE	wt/wt	FALSE	0	0	1	NA
AJ0059-C	0	0	32	0	FALSE	wt/wt	FALSE	0	0	1	NA
AJ0060-C	0	0	30	0	FALSE	wt/wt	FALSE	0	0	1	NA
AJ0061-C	0	0	23	0	FALSE	wt/wt	FALSE	0	0	1	NA
AJ0063-C	0	0	36	0	FALSE	wt/wt	FALSE	0	0	1	NA
AJ0064-C	0	0	22	0	FALSE	wt/wt	FALSE	0	0	1	NA
AJ0066-C	0	0	28	0	FALSE	wt/wt	FALSE	0	0	1	NA
AJ0068-C	0	0	21	0	FALSE	wt/wt	FALSE	0	0	1	NA
AJ0070-C	0	0	17	0	FALSE	wt/wt	FALSE	0	0	1	NA
AJ0071-C	0	0	30	0	FALSE	wt/wt	FALSE	0	0	1	NA
AJ0072-C	0	0	36	0	FALSE	wt/wt	FALSE	0	0	1	NA
AJ0074-C	0	0	40	0	FALSE	wt/wt	FALSE	0	0	1	NA
AJ0075-C	0	0	26	0	FALSE	wt/wt	FALSE	0	0	1	NA
AJ0076-C	0	0	32	0	FALSE	wt/wt	FALSE	0	0	1	NA
AJ0077-C	0	0	30	0	FALSE	wt/wt	FALSE	0	0	1	NA
AJ0078-C	0	0	26	0	FALSE	wt/wt	FALSE	0	0	1	NA
AJ0080-C	0	0	18	0	FALSE	wt/wt	FALSE	0	0	1	NA
AJ0081-C	0	0	19	0	FALSE	wt/wt	FALSE	0	0	1	NA
AJ0084-C	0	0	43	0	FALSE	wt/wt	FALSE	0	0	1	NA
AJ0085-C	0	0	72	0	FALSE	wt/wt	FALSE	0	0	1	NA
AJ0086-C	0	0	25	0	FALSE	wt/wt	FALSE	0	0	1	NA
AJ0087-C	0	0	40	0	FALSE	wt/wt	FALSE	0	0	1	NA
AJ0088-C	0	0	14	0	FALSE	wt/wt	FALSE	0	0	1	NA
AJ0090-C	0	0	29	0	FALSE	wt/wt	FALSE	0	0	1	NA
AJ0092-C	0	0	28	0	FALSE	wt/wt	FALSE	0	0	1	NA
AJ0093-C	0	0	33	0	FALSE	wt/wt	FALSE	0	0	1	NA
AJ0095-C	0	0	31	0	FALSE	wt/wt	FALSE	0	0	1	NA
AJ0096-C	0	0	45	0	FALSE	wt/wt	FALSE	0	0	1	NA
AJ0097-C	0	0	25	0	FALSE	wt/wt	FALSE	0	0	1	NA
AJ0098-C	0	0	31	0	FALSE	wt/wt	FALSE	0	0	1	NA
AJ0099-C	0	0	18	0	FALSE	wt/wt	FALSE	0	0	1	NA
AJ0100-C	0	0	27	0	FALSE	wt/wt	FALSE	0	0	1	NA
AJ0101-C	0	0	47	0	FALSE	wt/wt	FALSE	0	0	1	NA
AJ0102-C	0	0	38	0	FALSE	wt/wt	FALSE	0	0	1	NA
AJ0103-C	0	0	17	0	FALSE	wt/wt	FALSE	0	0	1	NA
AJ0105-C	0	0	33	0	FALSE	wt/wt	FALSE	0	0	1	NA
AJ0107-C	0	0	30	0	FALSE	wt/wt	FALSE	0	0	1	NA
AJ0109-C	0	0	22	0	FALSE	wt/wt	FALSE	0	0	1	NA
AJ0113-C	0	0	39	0	FALSE	wt/wt	FALSE	0	0	1	NA
AJ0115-C	0	0	28	0	FALSE	wt/wt	FALSE	0	0	1	NA
AJ0116-C	0	0	22	0	FALSE	wt/wt	FALSE	0	0	1	NA
AJ0117-C	0	0	34	0	FALSE	wt/wt	FALSE	0	0	1	NA
AJ0119-C	0	0	28	0	FALSE	wt/wt	FALSE	0	0	1	NA
AJ0128-C	0	0	18	0	FALSE	wt/wt	FALSE	0	0	1	NA
AJ0129-C	0	0	37	0	FALSE	wt/wt	FALSE	0	0	1	NA
AJ0130-C	0	0	20	0	FALSE	wt/wt	FALSE	0	0	1	NA
AJ0131-C	0	0	27	0	FALSE	wt/wt	FALSE	0	0	1	NA
AJ0132-C	0	0	38	0	FALSE	wt/wt	FALSE	0	0	1	NA
AJ0133-C	0	0	28	0	FALSE	wt/wt	FALSE	0	0	1	NA
AJ0134-C	0	0	26	0	FALSE	wt/wt	FALSE	0	0	1	NA
AJ0135-C	0	0	42	0	FALSE	wt/wt	FALSE	0	0	1	NA
AJ0136-C	0	0	35	1	FALSE	wt/wt	FALSE	0.0285714285714286	0.0277777777777778	1	NA
AJ0137-C	0	0	35	0	FALSE	wt/wt	FALSE	0	0	1	NA
AJ0138-C	0	0	25	0	FALSE	wt/wt	FALSE	0	0	1	NA
AJ0139-C	0	0	27	0	FALSE	wt/wt	FALSE	0	0	1	NA
AJ0140-C	0	0	29	0	FALSE	wt/wt	FALSE	0	0	1	NA
AJ0141-C	0	0	33	0	FALSE	wt/wt	FALSE	0	0	1	NA
AJ0142-C	0	0	31	0	FALSE	wt/wt	FALSE	0	0	1	NA
AJ0143-C	0	0	30	0	FALSE	wt/wt	FALSE	0	0	1	NA
AJ0144-C	0	0	34	0	FALSE	wt/wt	FALSE	0	0	1	NA
AJ0145-C	0	0	30	0	FALSE	wt/wt	FALSE	0	0	1	NA
AJ0146-C	0	0	33	0	FALSE	wt/wt	FALSE	0	0	1	NA
AJ0147-C	0	0	68	0	FALSE	wt/wt	FALSE	0	0	1	NA
AJ0148-C	0	0	31	0	FALSE	wt/wt	FALSE	0	0	1	NA
AJ0149-C	0	0	37	0	FALSE	wt/wt	FALSE	0	0	1	NA
AJ0150-C	0	0	38	0	FALSE	wt/wt	FALSE	0	0	1	NA
AJ0151-C	0	0	20	0	FALSE	wt/wt	FALSE	0	0	1	NA
AJ0152-C	0	0	31	0	FALSE	wt/wt	FALSE	0	0	1	NA
AJ0153-C	0	0	23	0	FALSE	wt/wt	FALSE	0	0	1	NA
AJ0154-C	0	0	28	0	FALSE	wt/wt	FALSE	0	0	1	NA
AJ0155-C	0	0	36	0	FALSE	wt/wt	FALSE	0	0	1	NA
AJ0156-C	0	0	37	0	FALSE	wt/wt	FALSE	0	0	1	NA
AJ0157-C	0	0	34	0	FALSE	wt/wt	FALSE	0	0	1	NA
AJ0158-C	0	0	33	0	FALSE	wt/wt	FALSE	0	0	1	NA
AJ0159-C	0	0	36	0	FALSE	wt/wt	FALSE	0	0	1	NA
AJ0161-C	0	0	19	0	FALSE	wt/wt	FALSE	0	0	1	NA
AK0060-C	0	0	43	0	FALSE	wt/wt	FALSE	0	0	1	NA
AK0062-C	0	0	31	0	FALSE	wt/wt	FALSE	0	0	1	NA
AK0065-C	0	0	41	0	FALSE	wt/wt	FALSE	0	0	1	NA
AK0066-C	0	0	25	0	FALSE	wt/wt	FALSE	0	0	1	NA
AK0067-C	0	0	10	0	FALSE	wt/wt	FALSE	0	0	1	NA
AK0068-C	0	0	19	0	FALSE	wt/wt	FALSE	0	0	1	NA
AK0069-C	0	0	17	0	FALSE	wt/wt	FALSE	0	0	1	NA
AK0070-C	0	0	13	0	FALSE	wt/wt	FALSE	0	0	1	NA
AK0072-C	0	0	42	0	FALSE	wt/wt	FALSE	0	0	1	NA
AK0073-C	0	0	6	0	FALSE	wt/wt	FALSE	0	0	1	NA
AK0074-C	0	0	11	0	FALSE	wt/wt	FALSE	0	0	1	NA
AK0075-C	0	0	25	0	FALSE	wt/wt	FALSE	0	0	1	NA
AK0076-C	0	0	14	0	FALSE	wt/wt	FALSE	0	0	1	NA
AK0077-C	0	0	38	0	FALSE	wt/wt	FALSE	0	0	1	NA
AK0078-C	0	0	17	0	FALSE	wt/wt	FALSE	0	0	1	NA
AK0079-C	0	0	5	0	FALSE	wt/wt	FALSE	0	0	1	NA
AK0080-C	0	0	10	0	FALSE	wt/wt	FALSE	0	0	1	NA
AK0081-C	0	0	28	0	FALSE	wt/wt	FALSE	0	0	1	NA
AK0082-C	0	0	71	0	FALSE	wt/wt	FALSE	0	0	1	NA
AK0085-C	0	0	18	0	FALSE	wt/wt	FALSE	0	0	1	NA
AK0086-C	0	0	37	0	FALSE	wt/wt	FALSE	0	0	1	NA
AK0087-C	0	0	8	0	FALSE	wt/wt	FALSE	0	0	1	NA
AK0088-C	0	0	27	0	FALSE	wt/wt	FALSE	0	0	1	NA
AK0089-C	0	0	29	0	FALSE	wt/wt	FALSE	0	0	1	NA
AK0090-C	0	0	39	0	FALSE	wt/wt	FALSE	0	0	1	NA
AK0091-C	0	0	23	0	FALSE	wt/wt	FALSE	0	0	1	NA
AK0092-C	0	0	20	0	FALSE	wt/wt	FALSE	0	0	1	NA
AK0093-C	0	0	10	0	FALSE	wt/wt	FALSE	0	0	1	NA
AK0094-C	0	0	35	0	FALSE	wt/wt	FALSE	0	0	1	NA
AK0095-C	0	0	39	0	FALSE	wt/wt	FALSE	0	0	1	NA
AK0096-C	0	0	10	0	FALSE	wt/wt	FALSE	0	0	1	NA
AK0098-C	0	0	7	0	FALSE	wt/wt	FALSE	0	0	1	NA
AK0099-C	0	0	42	0	FALSE	wt/wt	FALSE	0	0	1	NA
AK0100-C	0	0	54	0	FALSE	wt/wt	FALSE	0	0	1	NA
AK0101-C	0	0	56	0	FALSE	wt/wt	FALSE	0	0	1	NA
AK0102-C	0	0	16	0	FALSE	wt/wt	FALSE	0	0	1	NA
AK0103-C	0	0	13	0	FALSE	wt/wt	FALSE	0	0	1	NA
AK0104-C	0	0	55	0	FALSE	wt/wt	FALSE	0	0	1	NA
AK0105-C	0	0	49	0	FALSE	wt/wt	FALSE	0	0	1	NA
AK0106-C	0	0	27	0	FALSE	wt/wt	FALSE	0	0	1	NA
AK0107-C	0	0	148	1	FALSE	wt/wt	FALSE	0.00675675675675676	0.00671140939597315	1	NA
AK0108-C	0	0	61	0	FALSE	wt/wt	FALSE	0	0	1	NA
AK0109-C	0	0	63	0	FALSE	wt/wt	FALSE	0	0	1	NA
AK0110-C	0	0	30	0	FALSE	wt/wt	FALSE	0	0	1	NA
AK0116-C	0	0	186	0	FALSE	wt/wt	FALSE	0	0	1	NA
AK0117-C	0	0	73	1	FALSE	wt/wt	FALSE	0.0136986301369863	0.0135135135135135	1	NA
AK0119-C	0	0	158	0	FALSE	wt/wt	FALSE	0	0	1	NA
AK0127-C	0	0	34	0	FALSE	wt/wt	FALSE	0	0	1	NA
AN0007-C	0	0	25	0	FALSE	wt/wt	FALSE	0	0	1	NA
AN0008-C	0	0	13	0	FALSE	wt/wt	FALSE	0	0	1	NA
AN0009-C	0	0	39	1	FALSE	wt/wt	FALSE	0.0256410256410256	0.025	1	NA
AN0010-C	0	0	23	0	FALSE	wt/wt	FALSE	0	0	1	NA
AN0011-C	0	0	28	0	FALSE	wt/wt	FALSE	0	0	1	NA
AN0012-C	0	0	28	0	FALSE	wt/wt	FALSE	0	0	1	NA
AN0013-C	0	0	94	0	FALSE	wt/wt	FALSE	0	0	1	NA
AN0014-C	0	0	31	0	FALSE	wt/wt	FALSE	0	0	1	NA
AN0015-C	0	0	45	0	FALSE	wt/wt	FALSE	0	0	1	NA
AN0016-C	0	0	16	0	FALSE	wt/wt	FALSE	0	0	1	NA
AN0017-C	0	0	30	0	FALSE	wt/wt	FALSE	0	0	1	NA
AN0018-C	0	0	31	0	FALSE	wt/wt	FALSE	0	0	1	NA
AN0019-C	0	0	29	0	FALSE	wt/wt	FALSE	0	0	1	NA
AN0020-C	0	0	23	0	FALSE	wt/wt	FALSE	0	0	1	NA
AN0022-C	0	0	19	0	FALSE	wt/wt	FALSE	0	0	1	NA
AN0023-C	0	0	16	0	FALSE	wt/wt	FALSE	0	0	1	NA
AN0024-C	0	0	20	0	FALSE	wt/wt	FALSE	0	0	1	NA
AN0025-C	0	0	28	0	FALSE	wt/wt	FALSE	0	0	1	NA
AN0026-C	0	0	27	0	FALSE	wt/wt	FALSE	0	0	1	NA
AN0027-C	0	0	18	0	FALSE	wt/wt	FALSE	0	0	1	NA
AN0028-C	0	0	38	0	FALSE	wt/wt	FALSE	0	0	1	NA
AN0029-C	0	0	23	0	FALSE	wt/wt	FALSE	0	0	1	NA
AN0030-C	0	0	19	0	FALSE	wt/wt	FALSE	0	0	1	NA
AN0031-C	0	0	25	0	FALSE	wt/wt	FALSE	0	0	1	NA
AN0032-C	0	0	19	0	FALSE	wt/wt	FALSE	0	0	1	NA
AN0033-C	0	0	14	0	FALSE	wt/wt	FALSE	0	0	1	NA
AN0034-C	0	0	12	0	FALSE	wt/wt	FALSE	0	0	1	NA
AN0035-C	0	0	9	0	FALSE	wt/wt	FALSE	0	0	1	NA
AN0036-C	0	0	28	0	FALSE	wt/wt	FALSE	0	0	1	NA
AN0037-C	0	0	47	0	FALSE	wt/wt	FALSE	0	0	1	NA
AN0038-C	0	0	26	0	FALSE	wt/wt	FALSE	0	0	1	NA
AN0039-C	0	0	38	0	FALSE	wt/wt	FALSE	0	0	1	NA
AN0040-C	0	0	28	0	FALSE	wt/wt	FALSE	0	0	1	NA
AN0041-C	0	0	30	0	FALSE	wt/wt	FALSE	0	0	1	NA
AN0042-C	0	0	24	0	FALSE	wt/wt	FALSE	0	0	1	NA
AN0043-C	0	0	33	0	FALSE	wt/wt	FALSE	0	0	1	NA
AN0044-C	0	0	104	0	FALSE	wt/wt	FALSE	0	0	1	NA
AN0045-C	0	0	28	0	FALSE	wt/wt	FALSE	0	0	1	NA
AN0046-C	0	0	25	0	FALSE	wt/wt	FALSE	0	0	1	NA
AN0047-C	0	0	22	0	FALSE	wt/wt	FALSE	0	0	1	NA
AN0048-C	0	0	28	1	FALSE	wt/wt	FALSE	0.0357142857142857	0.0344827586206897	1	NA
AN0049-C	0	0	21	0	FALSE	wt/wt	FALSE	0	0	1	NA
AN0050-C	0	0	25	0	FALSE	wt/wt	FALSE	0	0	1	NA
AN0051-C	0	0	37	0	FALSE	wt/wt	FALSE	0	0	1	NA
AN0053-C	0	0	37	0	FALSE	wt/wt	FALSE	0	0	1	NA
AN0054-C	0	0	23	0	FALSE	wt/wt	FALSE	0	0	1	NA
AN0055-C	0	0	32	0	FALSE	wt/wt	FALSE	0	0	1	NA
AN0056-C	0	0	35	0	FALSE	wt/wt	FALSE	0	0	1	NA
AN0057-C	0	0	35	0	FALSE	wt/wt	FALSE	0	0	1	NA
AN0058-C	0	0	36	0	FALSE	wt/wt	FALSE	0	0	1	NA
AN0059-C	0	0	49	0	FALSE	wt/wt	FALSE	0	0	1	NA
AN0060-C	0	0	37	0	FALSE	wt/wt	FALSE	0	0	1	NA
AN0061-C	0	0	24	0	FALSE	wt/wt	FALSE	0	0	1	NA
AN0062-C	0	0	59	0	FALSE	wt/wt	FALSE	0	0	1	NA
AN0063-C	0	0	20	0	FALSE	wt/wt	FALSE	0	0	1	NA
AN0064-C	0	0	33	0	FALSE	wt/wt	FALSE	0	0	1	NA
AN0065-C	0	0	32	0	FALSE	wt/wt	FALSE	0	0	1	NA
AN0066-C	0	0	31	0	FALSE	wt/wt	FALSE	0	0	1	NA
AN0067-C	0	0	26	0	FALSE	wt/wt	FALSE	0	0	1	NA
AN0068-C	0	0	44	0	FALSE	wt/wt	FALSE	0	0	1	NA
AN0069-C	0	0	18	0	FALSE	wt/wt	FALSE	0	0	1	NA
AN0070-C	0	0	38	0	FALSE	wt/wt	FALSE	0	0	1	NA
AN0071-C	0	0	49	0	FALSE	wt/wt	FALSE	0	0	1	NA
AN0072-C	0	0	32	0	FALSE	wt/wt	FALSE	0	0	1	NA
AN0073-C	0	0	18	0	FALSE	wt/wt	FALSE	0	0	1	NA
AN0074-C	0	0	54	0	FALSE	wt/wt	FALSE	0	0	1	NA
AN0075-C	0	0	24	0	FALSE	wt/wt	FALSE	0	0	1	NA
AN0076-C	0	0	20	0	FALSE	wt/wt	FALSE	0	0	1	NA
AN0077-C	0	0	25	0	FALSE	wt/wt	FALSE	0	0	1	NA
AN0079-C	0	0	18	0	FALSE	wt/wt	FALSE	0	0	1	NA
AN0080-C	0	0	21	0	FALSE	wt/wt	FALSE	0	0	1	NA
AN0081-C	0	0	35	0	FALSE	wt/wt	FALSE	0	0	1	NA
AN0082-C	0	0	13	1	FALSE	wt/wt	FALSE	0.0769230769230769	0.0714285714285714	1	NA
AN0083-C	0	0	23	0	FALSE	wt/wt	FALSE	0	0	1	NA
AN0084-C	0	0	24	0	FALSE	wt/wt	FALSE	0	0	1	NA
AN0085-C	0	0	22	0	FALSE	wt/wt	FALSE	0	0	1	NA
AN0086-C	0	0	27	0	FALSE	wt/wt	FALSE	0	0	1	NA
AN0087-C	0	0	20	0	FALSE	wt/wt	FALSE	0	0	1	NA
AN0088-C	0	0	27	0	FALSE	wt/wt	FALSE	0	0	1	NA
AN0089-C	0	0	23	0	FALSE	wt/wt	FALSE	0	0	1	NA
AN0090-C	0	0	15	0	FALSE	wt/wt	FALSE	0	0	1	NA
AN0091-C	0	0	18	0	FALSE	wt/wt	FALSE	0	0	1	NA
AN0092-C	0	0	69	0	FALSE	wt/wt	FALSE	0	0	1	NA
AN0093-C	0	0	19	0	FALSE	wt/wt	FALSE	0	0	1	NA
AN0094-C	0	0	32	0	FALSE	wt/wt	FALSE	0	0	1	NA
AN0095-C	0	0	12	0	FALSE	wt/wt	FALSE	0	0	1	NA
AN0096-C	0	0	29	0	FALSE	wt/wt	FALSE	0	0	1	NA
AN0097-C	0	0	19	0	FALSE	wt/wt	FALSE	0	0	1	NA
AN0098-C	0	0	39	0	FALSE	wt/wt	FALSE	0	0	1	NA
AN0099-C	0	0	17	0	FALSE	wt/wt	FALSE	0	0	1	NA
AN0100-C	0	0	22	0	FALSE	wt/wt	FALSE	0	0	1	NA
AN0101-C	0	0	21	0	FALSE	wt/wt	FALSE	0	0	1	NA
AN0102-C	0	0	22	0	FALSE	wt/wt	FALSE	0	0	1	NA
AN0103-C	0	0	19	0	FALSE	wt/wt	FALSE	0	0	1	NA
AN0104-C	0	0	31	1	FALSE	wt/wt	FALSE	0.032258064516129	0.03125	1	NA
AN0105-C	0	0	33	0	FALSE	wt/wt	FALSE	0	0	1	NA
AN0106-C	0	0	32	0	FALSE	wt/wt	FALSE	0	0	1	NA
AN0107-C	0	0	33	0	FALSE	wt/wt	FALSE	0	0	1	NA
AN0108-C	0	0	14	0	FALSE	wt/wt	FALSE	0	0	1	NA
AN0109-C	0	0	29	0	FALSE	wt/wt	FALSE	0	0	1	NA
AN0111-C	0	0	54	0	FALSE	wt/wt	FALSE	0	0	1	NA
AN0112-C	0	0	21	0	FALSE	wt/wt	FALSE	0	0	1	NA
AN0113-C	0	0	22	0	FALSE	wt/wt	FALSE	0	0	1	NA
AN0114-C	0	0	11	0	FALSE	wt/wt	FALSE	0	0	1	NA
AN0115-C	0	0	26	0	FALSE	wt/wt	FALSE	0	0	1	NA
AN0117-C	0	0	47	0	FALSE	wt/wt	FALSE	0	0	1	NA
AN0118-C	0	0	25	0	FALSE	wt/wt	FALSE	0	0	1	NA
AN0119-C	0	0	22	0	FALSE	wt/wt	FALSE	0	0	1	NA
AN0120-C	0	0	31	0	FALSE	wt/wt	FALSE	0	0	1	NA
AN0121-C	0	0	23	0	FALSE	wt/wt	FALSE	0	0	1	NA
AN0122-C	0	0	23	0	FALSE	wt/wt	FALSE	0	0	1	NA
AN0123-C	0	0	48	0	FALSE	wt/wt	FALSE	0	0	1	NA
AN0124-C	0	0	45	0	FALSE	wt/wt	FALSE	0	0	1	NA
AN0125-C	0	0	30	0	FALSE	wt/wt	FALSE	0	0	1	NA
AN0126-C	0	0	44	0	FALSE	wt/wt	FALSE	0	0	1	NA
AN0127-C	0	0	31	0	FALSE	wt/wt	FALSE	0	0	1	NA
AN0128-C	0	0	36	0	FALSE	wt/wt	FALSE	0	0	1	NA
AN0129-C	0	0	45	0	FALSE	wt/wt	FALSE	0	0	1	NA
AN0130-C	0	0	30	0	FALSE	wt/wt	FALSE	0	0	1	NA
AN0131-C	0	0	7	0	FALSE	wt/wt	FALSE	0	0	1	NA
AN0132-C	0	0	37	0	FALSE	wt/wt	FALSE	0	0	1	NA
AN0134-C	0	0	28	0	FALSE	wt/wt	FALSE	0	0	1	NA
AN0135-C	0	0	57	0	FALSE	wt/wt	FALSE	0	0	1	NA
AN0136-C	0	0	47	0	FALSE	wt/wt	FALSE	0	0	1	NA
AN0137-C	0	0	45	0	FALSE	wt/wt	FALSE	0	0	1	NA
AN0138-C	0	0	37	0	FALSE	wt/wt	FALSE	0	0	1	NA
AN0139-C	0	0	61	0	FALSE	wt/wt	FALSE	0	0	1	NA
AN0140-C	0	0	60	0	FALSE	wt/wt	FALSE	0	0	1	NA
AN0141-C	0	0	60	0	FALSE	wt/wt	FALSE	0	0	1	NA
AN0142-C	0	0	51	0	FALSE	wt/wt	FALSE	0	0	1	NA
AN0143-C	0	0	35	0	FALSE	wt/wt	FALSE	0	0	1	NA
AN0144-C	0	0	55	0	FALSE	wt/wt	FALSE	0	0	1	NA
AN0147-C	0	0	64	0	FALSE	wt/wt	FALSE	0	0	1	NA
AN0149-C	0	0	34	0	FALSE	wt/wt	FALSE	0	0	1	NA
AN0151-C	0	0	38	0	FALSE	wt/wt	FALSE	0	0	1	NA
AN0152-C	0	0	36	0	FALSE	wt/wt	FALSE	0	0	1	NA
AN0153-C	0	0	21	0	FALSE	wt/wt	FALSE	0	0	1	NA
AN0154-C	0	0	33	0	FALSE	wt/wt	FALSE	0	0	1	NA
AN0155-C	0	0	26	0	FALSE	wt/wt	FALSE	0	0	1	NA
AN0156-C	0	0	32	0	FALSE	wt/wt	FALSE	0	0	1	NA
AN0157-C	0	0	40	0	FALSE	wt/wt	FALSE	0	0	1	NA
AN0158-C	0	0	9	0	FALSE	wt/wt	FALSE	0	0	1	NA
AN0159-C	0	0	27	0	FALSE	wt/wt	FALSE	0	0	1	NA
AN0160-C	0	0	41	0	FALSE	wt/wt	FALSE	0	0	1	NA
AN0162-C	0	0	28	0	FALSE	wt/wt	FALSE	0	0	1	NA
AN0163-C	0	0	65	0	FALSE	wt/wt	FALSE	0	0	1	NA
AN0164-C	0	0	23	0	FALSE	wt/wt	FALSE	0	0	1	NA
AN0165-C	0	0	38	0	FALSE	wt/wt	FALSE	0	0	1	NA
AN0166-C	0	0	29	0	FALSE	wt/wt	FALSE	0	0	1	NA
AN0167-C	0	0	17	0	FALSE	wt/wt	FALSE	0	0	1	NA
AN0168-C	0	0	26	0	FALSE	wt/wt	FALSE	0	0	1	NA
AN0169-C	0	0	17	0	FALSE	wt/wt	FALSE	0	0	1	NA
AN0170-C	0	0	36	0	FALSE	wt/wt	FALSE	0	0	1	NA
AN0171-C	0	0	37	0	FALSE	wt/wt	FALSE	0	0	1	NA
AN0172-C	0	0	46	0	FALSE	wt/wt	FALSE	0	0	1	NA
AN0173-C	0	0	23	0	FALSE	wt/wt	FALSE	0	0	1	NA
AN0174-C	0	0	29	0	FALSE	wt/wt	FALSE	0	0	1	NA
AN0175-C	0	0	34	0	FALSE	wt/wt	FALSE	0	0	1	NA
AN0176-C	0	0	33	0	FALSE	wt/wt	FALSE	0	0	1	NA
AN0177-C	0	0	32	0	FALSE	wt/wt	FALSE	0	0	1	NA
AN0178-C	0	0	32	0	FALSE	wt/wt	FALSE	0	0	1	NA
AN0179-C	0	0	27	0	FALSE	wt/wt	FALSE	0	0	1	NA
AN0180-C	0	0	24	0	FALSE	wt/wt	FALSE	0	0	1	NA
AN0181-C	0	0	21	1	FALSE	wt/wt	FALSE	0.0476190476190476	0.0454545454545455	1	NA
AN0182-C	0	0	42	0	FALSE	wt/wt	FALSE	0	0	1	NA
AN0183-C	0	0	54	0	FALSE	wt/wt	FALSE	0	0	1	NA
AN0184-C	0	0	14	0	FALSE	wt/wt	FALSE	0	0	1	NA
AN0185-C	0	0	16	0	FALSE	wt/wt	FALSE	0	0	1	NA
AN0186-C	0	0	24	0	FALSE	wt/wt	FALSE	0	0	1	NA
AN0187-C	0	0	23	0	FALSE	wt/wt	FALSE	0	0	1	NA
AN0188-C	0	0	18	0	FALSE	wt/wt	FALSE	0	0	1	NA
AN0189-C	0	0	51	0	FALSE	wt/wt	FALSE	0	0	1	NA
AN0190-C	0	0	29	0	FALSE	wt/wt	FALSE	0	0	1	NA
AN0191-C	0	0	34	0	FALSE	wt/wt	FALSE	0	0	1	NA
AN0192-C	0	0	19	0	FALSE	wt/wt	FALSE	0	0	1	NA
AN0193-C	0	0	20	0	FALSE	wt/wt	FALSE	0	0	1	NA
AN0194-C	0	0	30	0	FALSE	wt/wt	FALSE	0	0	1	NA
AN0196-C	0	0	20	0	FALSE	wt/wt	FALSE	0	0	1	NA
AN0197-C	0	0	33	0	FALSE	wt/wt	FALSE	0	0	1	NA
AN0198-C	0	0	34	0	FALSE	wt/wt	FALSE	0	0	1	NA
AN0199-C	0	0	31	0	FALSE	wt/wt	FALSE	0	0	1	NA
AN0200-C	0	0	34	0	FALSE	wt/wt	FALSE	0	0	1	NA
AN0201-C	0	0	20	0	FALSE	wt/wt	FALSE	0	0	1	NA
AN0202-C	0	0	28	0	FALSE	wt/wt	FALSE	0	0	1	NA
AN0203-C	0	0	23	0	FALSE	wt/wt	FALSE	0	0	1	NA
AN0204-C	0	0	28	0	FALSE	wt/wt	FALSE	0	0	1	NA
AN0205-C	0	0	9	0	FALSE	wt/wt	FALSE	0	0	1	NA
AN0206-C	0	0	18	0	FALSE	wt/wt	FALSE	0	0	1	NA
AN0207-C	0	0	19	0	FALSE	wt/wt	FALSE	0	0	1	NA
AN0208-C	0	0	23	0	FALSE	wt/wt	FALSE	0	0	1	NA
AN0209-C	0	0	12	0	FALSE	wt/wt	FALSE	0	0	1	NA
AN0210-C	0	0	27	0	FALSE	wt/wt	FALSE	0	0	1	NA
AN0212-C	0	0	18	0	FALSE	wt/wt	FALSE	0	0	1	NA
AN0213-C	0	0	26	0	FALSE	wt/wt	FALSE	0	0	1	NA
AN0214-C	0	0	29	0	FALSE	wt/wt	FALSE	0	0	1	NA
AN0215-C	0	0	36	0	FALSE	wt/wt	FALSE	0	0	1	NA
AN0217-C	0	0	31	0	FALSE	wt/wt	FALSE	0	0	1	NA
AN0218-C	0	0	28	0	FALSE	wt/wt	FALSE	0	0	1	NA
AN0219-C	0	0	32	0	FALSE	wt/wt	FALSE	0	0	1	NA
AN0220-C	0	0	31	0	FALSE	wt/wt	FALSE	0	0	1	NA
AN0221-C	0	0	34	0	FALSE	wt/wt	FALSE	0	0	1	NA
AN0222-C	0	0	40	0	FALSE	wt/wt	FALSE	0	0	1	NA
AN0223-C	0	0	24	0	FALSE	wt/wt	FALSE	0	0	1	NA
AN0224-C	0	0	29	0	FALSE	wt/wt	FALSE	0	0	1	NA
AN0225-C	0	0	25	0	FALSE	wt/wt	FALSE	0	0	1	NA
AN0226-C	0	0	25	0	FALSE	wt/wt	FALSE	0	0	1	NA
AN0227-C	0	0	35	0	FALSE	wt/wt	FALSE	0	0	1	NA
AN0228-C	0	0	30	0	FALSE	wt/wt	FALSE	0	0	1	NA
AN0229-C	0	0	29	0	FALSE	wt/wt	FALSE	0	0	1	NA
AN0230-C	0	0	42	0	FALSE	wt/wt	FALSE	0	0	1	NA
AN0231-C	0	0	36	0	FALSE	wt/wt	FALSE	0	0	1	NA
AN0232-C	0	0	35	0	FALSE	wt/wt	FALSE	0	0	1	NA
AN0233-C	0	0	36	0	FALSE	wt/wt	FALSE	0	0	1	NA
AN0234-C	0	0	33	0	FALSE	wt/wt	FALSE	0	0	1	NA
AN0235-C	0	0	32	0	FALSE	wt/wt	FALSE	0	0	1	NA
AN0236-C	0	0	30	0	FALSE	wt/wt	FALSE	0	0	1	NA
AN0237-C	0	0	20	0	FALSE	wt/wt	FALSE	0	0	1	NA
AN0238-C	0	0	55	0	FALSE	wt/wt	FALSE	0	0	1	NA
AN0239-C	0	0	30	0	FALSE	wt/wt	FALSE	0	0	1	NA
AN0240-C	0	0	22	0	FALSE	wt/wt	FALSE	0	0	1	NA
AN0241-C	0	0	33	0	FALSE	wt/wt	FALSE	0	0	1	NA
AN0242-C	0	0	30	0	FALSE	wt/wt	FALSE	0	0	1	NA
AN0243-C	0	0	9	0	FALSE	wt/wt	FALSE	0	0	1	NA
AN0244-C	0	0	30	0	FALSE	wt/wt	FALSE	0	0	1	NA
AN0245-C	0	0	39	0	FALSE	wt/wt	FALSE	0	0	1	NA
AN0246-C	0	0	43	0	FALSE	wt/wt	FALSE	0	0	1	NA
AN0247-C	0	0	38	0	FALSE	wt/wt	FALSE	0	0	1	NA
AN0248-C	0	0	31	0	FALSE	wt/wt	FALSE	0	0	1	NA
AN0250-C	0	0	26	0	FALSE	wt/wt	FALSE	0	0	1	NA
AN0251-C	0	0	30	0	FALSE	wt/wt	FALSE	0	0	1	NA
AN0252-C	0	0	23	0	FALSE	wt/wt	FALSE	0	0	1	NA
AN0253-C	0	0	55	0	FALSE	wt/wt	FALSE	0	0	1	NA
AN0254-C	0	0	59	0	FALSE	wt/wt	FALSE	0	0	1	NA
AN0255-C	0	0	32	0	FALSE	wt/wt	FALSE	0	0	1	NA
AN0256-C	0	0	30	0	FALSE	wt/wt	FALSE	0	0	1	NA
AN0258-C	0	0	41	0	FALSE	wt/wt	FALSE	0	0	1	NA
AN0259-C	0	0	27	0	FALSE	wt/wt	FALSE	0	0	1	NA
AN0260-C	0	0	37	0	FALSE	wt/wt	FALSE	0	0	1	NA
AN0261-C	0	0	34	0	FALSE	wt/wt	FALSE	0	0	1	NA
AN0262-C	0	0	39	0	FALSE	wt/wt	FALSE	0	0	1	NA
AN0263-C	0	0	30	0	FALSE	wt/wt	FALSE	0	0	1	NA
AN0264-C	0	0	30	0	FALSE	wt/wt	FALSE	0	0	1	NA
AN0265-C	0	0	59	0	FALSE	wt/wt	FALSE	0	0	1	NA
AN0266-C	0	0	38	0	FALSE	wt/wt	FALSE	0	0	1	NA
AN0267-C	0	0	48	0	FALSE	wt/wt	FALSE	0	0	1	NA
AN0268-C	0	0	29	0	FALSE	wt/wt	FALSE	0	0	1	NA
AN0269-C	0	0	43	0	FALSE	wt/wt	FALSE	0	0	1	NA
AN0270-C	0	0	46	0	FALSE	wt/wt	FALSE	0	0	1	NA
AN0271-C	0	0	11	0	FALSE	wt/wt	FALSE	0	0	1	NA
AN0272-C	0	0	48	0	FALSE	wt/wt	FALSE	0	0	1	NA
AN0275-C	0	0	75	0	FALSE	wt/wt	FALSE	0	0	1	NA
AN0276-C	0	0	35	0	FALSE	wt/wt	FALSE	0	0	1	NA
AN0277-C	0	0	16	0	FALSE	wt/wt	FALSE	0	0	1	NA
AN0278-C	0	0	20	0	FALSE	wt/wt	FALSE	0	0	1	NA
AN0279-C	0	0	34	0	FALSE	wt/wt	FALSE	0	0	1	NA
AN0280-C	0	0	33	0	FALSE	wt/wt	FALSE	0	0	1	NA
AN0281-C	0	0	37	0	FALSE	wt/wt	FALSE	0	0	1	NA
AN0282-C	0	0	28	0	FALSE	wt/wt	FALSE	0	0	1	NA
AN0283-C	0	0	26	0	FALSE	wt/wt	FALSE	0	0	1	NA
AN0284-C	0	0	34	0	FALSE	wt/wt	FALSE	0	0	1	NA
AN0285-C	0	0	34	0	FALSE	wt/wt	FALSE	0	0	1	NA
AN0286-C	0	0	29	0	FALSE	wt/wt	FALSE	0	0	1	NA
AN0287-C	0	0	47	0	FALSE	wt/wt	FALSE	0	0	1	NA
AN0288-C	0	0	34	0	FALSE	wt/wt	FALSE	0	0	1	NA
AN0289-C	0	0	55	0	FALSE	wt/wt	FALSE	0	0	1	NA
AN0290-C	0	0	37	0	FALSE	wt/wt	FALSE	0	0	1	NA
AN0291-C	0	0	33	0	FALSE	wt/wt	FALSE	0	0	1	NA
AN0292-C	0	0	27	0	FALSE	wt/wt	FALSE	0	0	1	NA
AN0293-C	0	0	34	0	FALSE	wt/wt	FALSE	0	0	1	NA
AN0294-C	0	0	27	0	FALSE	wt/wt	FALSE	0	0	1	NA
AN0295-C	0	0	64	0	FALSE	wt/wt	FALSE	0	0	1	NA
AN0296-C	0	0	31	0	FALSE	wt/wt	FALSE	0	0	1	NA
AN0297-C	0	0	23	0	FALSE	wt/wt	FALSE	0	0	1	NA
AN0298-C	0	0	25	0	FALSE	wt/wt	FALSE	0	0	1	NA
AN0299-C	0	0	32	0	FALSE	wt/wt	FALSE	0	0	1	NA
AN0300-C	0	0	32	0	FALSE	wt/wt	FALSE	0	0	1	NA
AN0301-C	0	0	25	0	FALSE	wt/wt	FALSE	0	0	1	NA
AN0302-C	0	0	123	1	FALSE	wt/wt	FALSE	0.00813008130081301	0.00806451612903226	1	NA
AN0303-C	0	0	27	0	FALSE	wt/wt	FALSE	0	0	1	NA
AN0304-C	0	0	21	0	FALSE	wt/wt	FALSE	0	0	1	NA
AN0305-C	0	0	11	0	FALSE	wt/wt	FALSE	0	0	1	NA
AN0306-C	0	0	31	0	FALSE	wt/wt	FALSE	0	0	1	NA
AN0307-C	0	0	45	0	FALSE	wt/wt	FALSE	0	0	1	NA
AN0308-C	0	0	40	0	FALSE	wt/wt	FALSE	0	0	1	NA
AN0309-C	0	0	47	0	FALSE	wt/wt	FALSE	0	0	1	NA
AN0310-C	0	0	42	0	FALSE	wt/wt	FALSE	0	0	1	NA
AN0311-C	0	0	55	0	FALSE	wt/wt	FALSE	0	0	1	NA
AN0312-C	0	0	35	0	FALSE	wt/wt	FALSE	0	0	1	NA
AN0313-C	0	0	21	0	FALSE	wt/wt	FALSE	0	0	1	NA
AN0314-C	0	0	33	0	FALSE	wt/wt	FALSE	0	0	1	NA
AN0315-C	0	0	38	0	FALSE	wt/wt	FALSE	0	0	1	NA
AN0316-C	0	0	21	0	FALSE	wt/wt	FALSE	0	0	1	NA
AN0317-C	0	0	21	0	FALSE	wt/wt	FALSE	0	0	1	NA
AN0318-C	0	0	27	0	FALSE	wt/wt	FALSE	0	0	1	NA
AN0319-C	0	0	37	0	FALSE	wt/wt	FALSE	0	0	1	NA
AN0320-C	0	0	12	0	FALSE	wt/wt	FALSE	0	0	1	NA
AN0321-C	0	0	20	0	FALSE	wt/wt	FALSE	0	0	1	NA
AP0002-C	0	0	37	0	FALSE	wt/wt	FALSE	0	0	1	NA
AP0005-C	0	0	28	0	FALSE	wt/wt	FALSE	0	0	1	NA
AP0006-C	0	0	28	0	FALSE	wt/wt	FALSE	0	0	1	NA
AP0007-C	0	0	42	0	FALSE	wt/wt	FALSE	0	0	1	NA
AP0008-C	0	0	11	0	FALSE	wt/wt	FALSE	0	0	1	NA
AP0009-C	0	0	17	0	FALSE	wt/wt	FALSE	0	0	1	NA
AP0010-C	0	0	27	0	FALSE	wt/wt	FALSE	0	0	1	NA
AP0011-C	0	0	16	0	FALSE	wt/wt	FALSE	0	0	1	NA
AP0014-C	0	0	29	0	FALSE	wt/wt	FALSE	0	0	1	NA
AP0017-C	0	0	42	0	FALSE	wt/wt	FALSE	0	0	1	NA
AP0018-C	0	0	29	0	FALSE	wt/wt	FALSE	0	0	1	NA
AP0019-C	0	0	20	0	FALSE	wt/wt	FALSE	0	0	1	NA
AP0020-C	0	0	29	0	FALSE	wt/wt	FALSE	0	0	1	NA
AP0021-C	0	0	42	0	FALSE	wt/wt	FALSE	0	0	1	NA
AP0022-C	0	0	34	0	FALSE	wt/wt	FALSE	0	0	1	NA
AP0023-C	0	0	27	0	FALSE	wt/wt	FALSE	0	0	1	NA
AP0024-C	0	0	15	0	FALSE	wt/wt	FALSE	0	0	1	NA
AP0025-C	0	0	13	0	FALSE	wt/wt	FALSE	0	0	1	NA
AP0030-C	0	0	30	0	FALSE	wt/wt	FALSE	0	0	1	NA
AP0031-C	0	0	20	0	FALSE	wt/wt	FALSE	0	0	1	NA
AP0032-C	0	0	13	0	FALSE	wt/wt	FALSE	0	0	1	NA
AP0033-C	0	0	27	0	FALSE	wt/wt	FALSE	0	0	1	NA
AP0034-C	0	0	33	0	FALSE	wt/wt	FALSE	0	0	1	NA
AP0035-C	0	0	10	0	FALSE	wt/wt	FALSE	0	0	1	NA
AQ0001-C	0	0	44	0	FALSE	wt/wt	FALSE	0	0	1	NA
AQ0002-C	0	0	33	0	FALSE	wt/wt	FALSE	0	0	1	NA
AQ0004-C	0	0	40	0	FALSE	wt/wt	FALSE	0	0	1	NA
AQ0005-C	0	0	40	0	FALSE	wt/wt	FALSE	0	0	1	NA
AQ0011-C	0	0	18	0	FALSE	wt/wt	FALSE	0	0	1	NA
AQ0012-C	0	0	48	0	FALSE	wt/wt	FALSE	0	0	1	NA
AQ0013-C	0	0	22	0	FALSE	wt/wt	FALSE	0	0	1	NA
AQ0014-C	0	0	18	0	FALSE	wt/wt	FALSE	0	0	1	NA
AQ0015-C	0	0	45	0	FALSE	wt/wt	FALSE	0	0	1	NA
AR0001-C	0	0	36	0	FALSE	wt/wt	FALSE	0	0	1	NA
AR0007-C	0	0	38	0	FALSE	wt/wt	FALSE	0	0	1	NA
AR0008-C	0	0	16	0	FALSE	wt/wt	FALSE	0	0	1	NA
AR0009-C	0	0	38	0	FALSE	wt/wt	FALSE	0	0	1	NA
AR0010-C	0	0	18	0	FALSE	wt/wt	FALSE	0	0	1	NA
AR0011-C	0	0	30	0	FALSE	wt/wt	FALSE	0	0	1	NA
AR0012-C	0	0	36	0	FALSE	wt/wt	FALSE	0	0	1	NA
AR0013-C	0	0	28	0	FALSE	wt/wt	FALSE	0	0	1	NA
AR0014-C	0	0	35	0	FALSE	wt/wt	FALSE	0	0	1	NA
AR0015-C	0	0	39	0	FALSE	wt/wt	FALSE	0	0	1	NA
AR0016-C	0	0	20	0	FALSE	wt/wt	FALSE	0	0	1	NA
AR0017-C	0	0	28	0	FALSE	wt/wt	FALSE	0	0	1	NA
AR0018-C	0	0	12	0	FALSE	wt/wt	FALSE	0	0	1	NA
AR0019-C	0	0	23	0	FALSE	wt/wt	FALSE	0	0	1	NA
AR0020-C	0	0	27	0	FALSE	wt/wt	FALSE	0	0	1	NA
AR0021-C	0	0	17	0	FALSE	wt/wt	FALSE	0	0	1	NA
AR0022-C	0	0	25	0	FALSE	wt/wt	FALSE	0	0	1	NA
AR0023-C	0	0	13	0	FALSE	wt/wt	FALSE	0	0	1	NA
AR0024-C	0	0	28	0	FALSE	wt/wt	FALSE	0	0	1	NA
AR0026-C	0	0	12	0	FALSE	wt/wt	FALSE	0	0	1	NA
AR0027-C	0	0	35	0	FALSE	wt/wt	FALSE	0	0	1	NA
AR0034-C	0	0	20	0	FALSE	wt/wt	FALSE	0	0	1	NA
AR0035-C	0	0	12	0	FALSE	wt/wt	FALSE	0	0	1	NA
AR0036-C	0	0	22	0	FALSE	wt/wt	FALSE	0	0	1	NA
AR0038-C	0	0	18	0	FALSE	wt/wt	FALSE	0	0	1	NA
AR0040-C	0	0	11	0	FALSE	wt/wt	FALSE	0	0	1	NA
AR0042-C	0	0	23	0	FALSE	wt/wt	FALSE	0	0	1	NA
AR0043-C	0	0	14	0	FALSE	wt/wt	FALSE	0	0	1	NA
AR0044-C	0	0	25	0	FALSE	wt/wt	FALSE	0	0	1	NA
AR0045-C	0	0	30	0	FALSE	wt/wt	FALSE	0	0	1	NA
AR0046-C	0	0	14	0	FALSE	wt/wt	FALSE	0	0	1	NA
AR0047-C	0	0	34	0	FALSE	wt/wt	FALSE	0	0	1	NA
AR0048-C	0	0	20	0	FALSE	wt/wt	FALSE	0	0	1	NA
AR0049-C	0	0	34	0	FALSE	wt/wt	FALSE	0	0	1	NA
AR0050-C	0	0	31	0	FALSE	wt/wt	FALSE	0	0	1	NA
AR0051-C	0	0	16	0	FALSE	wt/wt	FALSE	0	0	1	NA
AR0052-C	0	0	17	0	FALSE	wt/wt	FALSE	0	0	1	NA
AR0053-C	0	0	18	0	FALSE	wt/wt	FALSE	0	0	1	NA
AR0054-C	0	0	10	0	FALSE	wt/wt	FALSE	0	0	1	NA
AR0057-C	0	0	23	0	FALSE	wt/wt	FALSE	0	0	1	NA
AR0059-C	0	0	26	0	FALSE	wt/wt	FALSE	0	0	1	NA
AR0060-C	0	0	21	0	FALSE	wt/wt	FALSE	0	0	1	NA
AR0061-C	0	0	22	0	FALSE	wt/wt	FALSE	0	0	1	NA
AR0062-C	0	0	28	0	FALSE	wt/wt	FALSE	0	0	1	NA
AR0063-C	0	0	23	0	FALSE	wt/wt	FALSE	0	0	1	NA
AR0064-C	0	0	11	0	FALSE	wt/wt	FALSE	0	0	1	NA
AR0065-C	0	0	26	0	FALSE	wt/wt	FALSE	0	0	1	NA
AR0066-C	0	0	27	0	FALSE	wt/wt	FALSE	0	0	1	NA
AR0069-C	0	0	49	0	FALSE	wt/wt	FALSE	0	0	1	NA
AR0070-C	0	0	15	0	FALSE	wt/wt	FALSE	0	0	1	NA
AR0071-C	0	0	27	0	FALSE	wt/wt	FALSE	0	0	1	NA
AR0072-C	0	0	19	0	FALSE	wt/wt	FALSE	0	0	1	NA
AR0073-C	0	0	30	0	FALSE	wt/wt	FALSE	0	0	1	NA
AR0074-C	0	0	30	0	FALSE	wt/wt	FALSE	0	0	1	NA
AR0075-C	0	0	25	1	FALSE	wt/wt	FALSE	0.04	0.0384615384615385	1	NA
AR0076-C	0	0	16	0	FALSE	wt/wt	FALSE	0	0	1	NA
AR0077-C	0	0	28	0	FALSE	wt/wt	FALSE	0	0	1	NA
AR0078-C	0	0	14	0	FALSE	wt/wt	FALSE	0	0	1	NA
AR0079-C	0	0	14	0	FALSE	wt/wt	FALSE	0	0	1	NA
AR0080-C	0	0	30	0	FALSE	wt/wt	FALSE	0	0	1	NA
AR0081-C	0	0	22	0	FALSE	wt/wt	FALSE	0	0	1	NA
AR0082-C	0	0	16	0	FALSE	wt/wt	FALSE	0	0	1	NA
AR0083-C	0	0	17	0	FALSE	wt/wt	FALSE	0	0	1	NA
AR0084-C	0	0	16	0	FALSE	wt/wt	FALSE	0	0	1	NA
AR0085-C	0	0	14	0	FALSE	wt/wt	FALSE	0	0	1	NA
AR0086-C	0	0	19	0	FALSE	wt/wt	FALSE	0	0	1	NA
AR0087-C	0	0	39	0	FALSE	wt/wt	FALSE	0	0	1	NA
AR0088-C	0	0	35	0	FALSE	wt/wt	FALSE	0	0	1	NA
AR0089-C	0	0	27	0	FALSE	wt/wt	FALSE	0	0	1	NA
AR0090-C	0	0	29	0	FALSE	wt/wt	FALSE	0	0	1	NA
AR0092-C	0	0	35	0	FALSE	wt/wt	FALSE	0	0	1	NA
AR0093-C	0	0	23	0	FALSE	wt/wt	FALSE	0	0	1	NA
AR0095-C	0	0	20	0	FALSE	wt/wt	FALSE	0	0	1	NA
AR0096-C	0	0	28	0	FALSE	wt/wt	FALSE	0	0	1	NA
AR0097-C	0	0	52	0	FALSE	wt/wt	FALSE	0	0	1	NA
AR0098-C	0	0	23	0	FALSE	wt/wt	FALSE	0	0	1	NA
AR0099-C	0	0	42	0	FALSE	wt/wt	FALSE	0	0	1	NA
AR0100-C	0	0	27	0	FALSE	wt/wt	FALSE	0	0	1	NA
AS0001-C	0	0	30	0	FALSE	wt/wt	FALSE	0	0	1	NA
AS0002-C	0	0	31	0	FALSE	wt/wt	FALSE	0	0	1	NA
AS0003-C	0	0	28	0	FALSE	wt/wt	FALSE	0	0	1	NA
AS0004-C	0	0	27	0	FALSE	wt/wt	FALSE	0	0	1	NA
AS0005-C	0	0	20	0	FALSE	wt/wt	FALSE	0	0	1	NA
AS0006-C	0	0	26	0	FALSE	wt/wt	FALSE	0	0	1	NA
AS0007-C	0	0	36	0	FALSE	wt/wt	FALSE	0	0	1	NA
AS0008-C	0	0	34	0	FALSE	wt/wt	FALSE	0	0	1	NA
AS0009-C	0	0	37	0	FALSE	wt/wt	FALSE	0	0	1	NA
AS0010-C	0	0	37	0	FALSE	wt/wt	FALSE	0	0	1	NA
AS0011-C	0	0	42	0	FALSE	wt/wt	FALSE	0	0	1	NA
AS0012-C	0	0	40	0	FALSE	wt/wt	FALSE	0	0	1	NA
AS0013-C	0	0	42	0	FALSE	wt/wt	FALSE	0	0	1	NA
AS0014-C	0	0	50	0	FALSE	wt/wt	FALSE	0	0	1	NA
AS0015-C	0	0	30	0	FALSE	wt/wt	FALSE	0	0	1	NA
AS0016-C	0	0	35	0	FALSE	wt/wt	FALSE	0	0	1	NA
AS0017-C	0	0	53	0	FALSE	wt/wt	FALSE	0	0	1	NA
AS0018-C	0	0	25	0	FALSE	wt/wt	FALSE	0	0	1	NA
AS0019-C	0	0	41	0	FALSE	wt/wt	FALSE	0	0	1	NA
AS0020-C	0	0	23	0	FALSE	wt/wt	FALSE	0	0	1	NA
AS0021-C	0	0	32	0	FALSE	wt/wt	FALSE	0	0	1	NA
AS0022-C	0	0	46	0	FALSE	wt/wt	FALSE	0	0	1	NA
AS0024-C	0	0	32	0	FALSE	wt/wt	FALSE	0	0	1	NA
AS0025-C	0	0	15	0	FALSE	wt/wt	FALSE	0	0	1	NA
AS0026-C	0	0	29	0	FALSE	wt/wt	FALSE	0	0	1	NA
AS0027-C	0	0	46	0	FALSE	wt/wt	FALSE	0	0	1	NA
AS0028-C	0	0	33	0	FALSE	wt/wt	FALSE	0	0	1	NA
AS0029-C	0	0	33	0	FALSE	wt/wt	FALSE	0	0	1	NA
AS0030-C	0	0	39	0	FALSE	wt/wt	FALSE	0	0	1	NA
AS0032-C	0	0	53	0	FALSE	wt/wt	FALSE	0	0	1	NA
AS0033-C	0	0	16	0	FALSE	wt/wt	FALSE	0	0	1	NA
AS0034-C	0	0	32	0	FALSE	wt/wt	FALSE	0	0	1	NA
AS0035-C	0	0	36	0	FALSE	wt/wt	FALSE	0	0	1	NA
AS0036-C	0	0	42	0	FALSE	wt/wt	FALSE	0	0	1	NA
AS0037-C	0	0	40	0	FALSE	wt/wt	FALSE	0	0	1	NA
AS0039-C	0	0	32	0	FALSE	wt/wt	FALSE	0	0	1	NA
AS0040-C	0	0	28	0	FALSE	wt/wt	FALSE	0	0	1	NA
AS0041-C	0	0	42	0	FALSE	wt/wt	FALSE	0	0	1	NA
AS0042-C	0	0	22	0	FALSE	wt/wt	FALSE	0	0	1	NA
AS0044-C	0	0	21	0	FALSE	wt/wt	FALSE	0	0	1	NA
AS0045-C	0	0	19	0	FALSE	wt/wt	FALSE	0	0	1	NA
AS0046-C	0	0	38	0	FALSE	wt/wt	FALSE	0	0	1	NA
AS0047-C	0	0	25	0	FALSE	wt/wt	FALSE	0	0	1	NA
AS0048-C	0	0	30	0	FALSE	wt/wt	FALSE	0	0	1	NA
AS0049-C	0	0	24	0	FALSE	wt/wt	FALSE	0	0	1	NA
AS0051-C	0	0	30	0	FALSE	wt/wt	FALSE	0	0	1	NA
AS0052-C	0	0	15	0	FALSE	wt/wt	FALSE	0	0	1	NA
AS0053-C	0	0	48	0	FALSE	wt/wt	FALSE	0	0	1	NA
AS0054-C	0	0	21	0	FALSE	wt/wt	FALSE	0	0	1	NA
AS0055-C	0	0	39	0	FALSE	wt/wt	FALSE	0	0	1	NA
AS0056-C	0	0	27	0	FALSE	wt/wt	FALSE	0	0	1	NA
AS0057-C	0	0	42	0	FALSE	wt/wt	FALSE	0	0	1	NA
AS0058-C	0	0	28	0	FALSE	wt/wt	FALSE	0	0	1	NA
AS0059-C	0	0	23	0	FALSE	wt/wt	FALSE	0	0	1	NA
AS0060-C	0	0	33	0	FALSE	wt/wt	FALSE	0	0	1	NA
AS0062-C	0	0	36	0	FALSE	wt/wt	FALSE	0	0	1	NA
AS0064-C	0	0	41	0	FALSE	wt/wt	FALSE	0	0	1	NA
AS0065-C	0	0	32	0	FALSE	wt/wt	FALSE	0	0	1	NA
AS0066-C	0	0	21	0	FALSE	wt/wt	FALSE	0	0	1	NA
AS0068-C	0	0	35	0	FALSE	wt/wt	FALSE	0	0	1	NA
AS0069-C	0	0	36	0	FALSE	wt/wt	FALSE	0	0	1	NA
AS0070-C	0	0	35	0	FALSE	wt/wt	FALSE	0	0	1	NA
AS0071-C	0	0	32	0	FALSE	wt/wt	FALSE	0	0	1	NA
AS0072-C	0	0	30	0	FALSE	wt/wt	FALSE	0	0	1	NA
AS0073-C	0	0	43	0	FALSE	wt/wt	FALSE	0	0	1	NA
AS0074-C	0	0	29	0	FALSE	wt/wt	FALSE	0	0	1	NA
AS0076-C	0	0	46	0	FALSE	wt/wt	FALSE	0	0	1	NA
AS0077-C	0	0	31	0	FALSE	wt/wt	FALSE	0	0	1	NA
AS0078-C	0	0	23	0	FALSE	wt/wt	FALSE	0	0	1	NA
AV0001-C	0	1	41	19	TRUE	119S/wt	TRUE	0.463414634146341	0.316666666666667	1.5	NA
AV0002-C	0	0	32	0	FALSE	wt/wt	FALSE	0	0	1	NA
AV0003-C	0	0	26	0	FALSE	wt/wt	FALSE	0	0	1	NA
AV0004-C	0	0	52	0	FALSE	wt/wt	FALSE	0	0	1	NA
AV0005-C	0	1	37	35	TRUE	119S/wt	TRUE	0.945945945945946	0.486111111111111	2	NA
AV0006-C	0	0	44	0	FALSE	wt/wt	FALSE	0	0	1	NA
AV0007-C	0	0	33	0	FALSE	wt/wt	FALSE	0	0	1	NA
AV0008-C	0	0	32	0	FALSE	wt/wt	FALSE	0	0	1	NA
AV0009-C	0	0	17	0	FALSE	wt/wt	FALSE	0	0	1	NA
AV0010-C	0	0	32	0	FALSE	wt/wt	FALSE	0	0	1	NA
AV0011-C	0	0	32	0	FALSE	wt/wt	FALSE	0	0	1	NA
AV0012-C	0	0	26	0	FALSE	wt/wt	FALSE	0	0	1	NA
AV0013-C	0	0	39	0	FALSE	wt/wt	FALSE	0	0	1	NA
AV0014-C	0	0	55	0	FALSE	wt/wt	TRUE	0	0	1.5	NA
AV0015-C	0	0	47	0	FALSE	wt/wt	FALSE	0	0	1	NA
AV0017-C	0	0	46	0	FALSE	wt/wt	FALSE	0	0	1	NA
AV0018-C	0	0	28	0	FALSE	wt/wt	FALSE	0	0	1	NA
AV0020-C	0	1	17	48	TRUE	119S/wt	TRUE	2.82352941176471	0.738461538461539	2	NA
AV0021-C	0	0	27	0	FALSE	wt/wt	FALSE	0	0	1	NA
AV0022-C	0	0	34	0	FALSE	wt/wt	FALSE	0	0	1	NA
AV0024-C	0	0	26	0	FALSE	wt/wt	FALSE	0	0	1	NA
AV0025-C	0	0	7	0	FALSE	wt/wt	FALSE	0	0	1	NA
AV0026-C	0	1	8	25	TRUE	119S/wt	TRUE	3.125	0.757575757575758	2	NA
AV0027-C	0	0	45	0	FALSE	wt/wt	FALSE	0	0	1	NA
AV0028-C	0	0	50	0	FALSE	wt/wt	FALSE	0	0	1	NA
AV0029-C	0	1	13	41	TRUE	119S/wt	TRUE	3.15384615384615	0.759259259259259	2	NA
AV0030-C	0	0	25	0	FALSE	wt/wt	FALSE	0	0	1	NA
AV0031-C	0	1	21	21	TRUE	119S/wt	TRUE	1	0.5	1.5	NA
AV0032-C	0	0	35	0	FALSE	wt/wt	FALSE	0	0	1	NA
AV0033-C	0	1	53	34	TRUE	119S/wt	TRUE	0.641509433962264	0.390804597701149	1.5	NA
AV0034-C	0	0	24	0	FALSE	wt/wt	FALSE	0	0	1	NA
AV0035-C	0	0	26	0	FALSE	wt/wt	FALSE	0	0	1	NA
AV0036-C	0	1	17	4	TRUE	119S/wt	TRUE	0.235294117647059	0.19047619047619	1.5	NA
AV0037-C	0	0	11	0	FALSE	wt/wt	FALSE	0	0	1	NA
AV0038-C	0	0	31	0	FALSE	wt/wt	FALSE	0	0	1	NA
AV0039-C	0	0	33	0	FALSE	wt/wt	FALSE	0	0	1	NA
AV0040-C	0	0	27	0	FALSE	wt/wt	FALSE	0	0	1	NA
AV0041-C	0	1	7	30	TRUE	119S/wt	TRUE	4.28571428571429	0.810810810810811	2	NA
AV0042-C	0	0	34	0	FALSE	wt/wt	FALSE	0	0	1	NA
AV0043-C	0	0	12	0	FALSE	wt/wt	FALSE	0	0	1	NA
AV0044-C	0	0	34	0	FALSE	wt/wt	FALSE	0	0	1	NA
AV0045-C	0	0	25	0	FALSE	wt/wt	FALSE	0	0	1	NA
AV0046-C	0	0	21	0	FALSE	wt/wt	FALSE	0	0	1	NA
AV0047-C	0	0	31	0	FALSE	wt/wt	FALSE	0	0	1	NA
AY0006-C	0	0	36	0	FALSE	wt/wt	FALSE	0	0	1	NA
AY0007-C	0	1	26	19	TRUE	119S/wt	TRUE	0.730769230769231	0.422222222222222	1.5	NA
AY0010-C	0	0	44	0	FALSE	wt/wt	FALSE	0	0	1	NA
AY0011-C	0	1	20	17	TRUE	119S/wt	TRUE	0.85	0.459459459459459	1.5	NA
AY0012-C	0	1	38	22	TRUE	119S/wt	TRUE	0.578947368421053	0.366666666666667	1.5	NA
AY0013-C	0	1	30	21	TRUE	119S/wt	TRUE	0.7	0.411764705882353	1.5	NA
AY0015-C	0	1	31	36	TRUE	119S/wt	TRUE	1.16129032258065	0.537313432835821	2	NA
AY0016-C	0	1	14	45	TRUE	119S/wt	TRUE	3.21428571428571	0.76271186440678	2	NA
AY0017-C	0	1	35	9	TRUE	119S/wt	TRUE	0.257142857142857	0.204545454545455	1.5	NA
AY0018-C	0	1	34	17	TRUE	119S/wt	TRUE	0.5	0.333333333333333	1.5	NA
AY0019-C	0	0	33	0	FALSE	wt/wt	FALSE	0	0	1	NA
AY0020-C	0	1	30	10	TRUE	119S/wt	TRUE	0.333333333333333	0.25	1.5	NA
AY0021-C	0	0	33	0	FALSE	wt/wt	FALSE	0	0	1	NA
AY0023-C	0	1	26	14	TRUE	119S/wt	TRUE	0.538461538461538	0.35	1.5	NA
AY0024-C	0	1	14	51	TRUE	119S/wt	TRUE	3.64285714285714	0.784615384615385	2	NA
AY0025-C	0	1	24	64	TRUE	119S/wt	TRUE	2.66666666666667	0.727272727272727	2.5	NA
AY0026-C	0	1	33	18	TRUE	119S/wt	TRUE	0.545454545454545	0.352941176470588	1.5	NA
AY0027-C	0	1	51	44	TRUE	119S/wt	TRUE	0.862745098039216	0.463157894736842	2.5	NA
AY0029-C	0	1	28	18	TRUE	119S/wt	TRUE	0.642857142857143	0.391304347826087	1.5	NA
AY0031-C	0	1	30	18	TRUE	119S/wt	TRUE	0.6	0.375	1.5	NA
AY0032-C	0	1	17	14	TRUE	119S/wt	TRUE	0.823529411764706	0.451612903225806	1.5	NA
AY0033-C	0	1	33	9	TRUE	119S/wt	TRUE	0.272727272727273	0.214285714285714	1.5	NA
AY0034-C	0	1	30	12	TRUE	119S/wt	TRUE	0.4	0.285714285714286	1.5	NA
AY0035-C	0	1	38	28	TRUE	119S/wt	TRUE	0.736842105263158	0.424242424242424	2	NA
AY0036-C	0	1	32	46	TRUE	119S/wt	TRUE	1.4375	0.58974358974359	2	NA
AY0038-C	0	1	29	26	TRUE	119S/wt	TRUE	0.896551724137931	0.472727272727273	2	NA
AY0039-C	0	1	18	51	TRUE	119S/wt	TRUE	2.83333333333333	0.739130434782609	2	NA
AY0040-C	0	0	26	0	FALSE	wt/wt	FALSE	0	0	1	NA
AY0041-C	0	0	27	0	FALSE	wt/wt	FALSE	0	0	1	NA
AY0042-C	0	1	10	7	TRUE	119S/wt	TRUE	0.7	0.411764705882353	1.5	NA
AY0043-C	0	0	30	0	FALSE	wt/wt	FALSE	0	0	1	NA
AY0045-C	0	1	25	35	TRUE	119S/wt	TRUE	1.4	0.583333333333333	2	NA
AY0046-C	0	1	17	30	TRUE	119S/wt	TRUE	1.76470588235294	0.638297872340426	1.5	NA
AY0047-C	0	1	42	22	TRUE	119S/wt	TRUE	0.523809523809524	0.34375	1.5	NA
AY0048-C	0	1	42	38	TRUE	119S/wt	TRUE	0.904761904761905	0.475	2	NA
AY0049-C	0	1	30	35	TRUE	119S/wt	TRUE	1.16666666666667	0.538461538461538	2	NA
AY0050-C	0	1	20	13	TRUE	119S/wt	TRUE	0.65	0.393939393939394	1.5	NA
AY0052-C	0	1	23	23	TRUE	119S/wt	TRUE	1	0.5	2	NA
AY0053-C	0	1	37	13	TRUE	119S/wt	TRUE	0.351351351351351	0.26	1.5	NA
AY0054-C	0	0	27	0	FALSE	wt/wt	FALSE	0	0	1	NA
AY0055-C	0	1	40	43	TRUE	119S/wt	TRUE	1.075	0.518072289156627	2	NA
AY0056-C	0	1	39	27	TRUE	119S/wt	TRUE	0.692307692307692	0.409090909090909	2	NA
AY0057-C	0	1	31	35	TRUE	119S/wt	TRUE	1.12903225806452	0.53030303030303	2	NA
AY0058-C	0	1	32	30	TRUE	119S/wt	TRUE	0.9375	0.483870967741935	2	NA
AY0059-C	0	1	16	28	TRUE	119S/wt	TRUE	1.75	0.636363636363636	2	NA
AY0060-C	0	1	16	42	TRUE	119S/wt	TRUE	2.625	0.724137931034483	2	NA
AY0061-C	0	1	28	26	TRUE	119S/wt	TRUE	0.928571428571429	0.481481481481481	2	NA
AY0062-C	0	1	24	20	TRUE	119S/wt	TRUE	0.833333333333333	0.454545454545455	1.5	NA
AY0063-C	0	1	11	18	TRUE	119S/wt	TRUE	1.63636363636364	0.620689655172414	1.5	NA
AY0064-C	0	1	25	21	TRUE	119S/wt	TRUE	0.84	0.456521739130435	2	NA
AY0065-C	0	1	42	26	TRUE	119S/wt	TRUE	0.619047619047619	0.382352941176471	1.5	NA
AY0066-C	0	1	35	20	TRUE	119S/wt	TRUE	0.571428571428571	0.363636363636364	1.5	NA
AY0067-C	0	1	25	9	TRUE	119S/wt	TRUE	0.36	0.264705882352941	1.5	NA
AY0068-C	0	1	14	48	TRUE	119S/wt	TRUE	3.42857142857143	0.774193548387097	2.5	NA
AY0069-C	0	1	30	34	TRUE	119S/wt	TRUE	1.13333333333333	0.53125	2	NA
AY0070-C	0	1	37	33	TRUE	119S/wt	TRUE	0.891891891891892	0.471428571428571	2	NA
AY0072-C	0	1	39	16	TRUE	119S/wt	TRUE	0.41025641025641	0.290909090909091	1.5	NA
AY0074-C	0	1	37	10	TRUE	119S/wt	TRUE	0.27027027027027	0.212765957446809	1.5	NA
AY0076-C	0	1	28	35	TRUE	119S/wt	TRUE	1.25	0.555555555555556	2	NA
AY0077-C	0	1	38	17	TRUE	119S/wt	TRUE	0.447368421052632	0.309090909090909	1.5	NA
AY0078-C	0	1	20	49	TRUE	119S/wt	TRUE	2.45	0.710144927536232	2	NA
AY0079-C	0	1	23	23	TRUE	119S/wt	TRUE	1	0.5	2	NA
AY0080-C	0	1	19	60	TRUE	119S/wt	TRUE	3.15789473684211	0.759493670886076	2	NA
AY0082-C	0	1	33	28	TRUE	119S/wt	TRUE	0.848484848484849	0.459016393442623	2	NA
AY0083-C	0	1	31	12	TRUE	119S/wt	TRUE	0.387096774193548	0.27906976744186	1.5	NA
AY0085-C	0	0	20	0	FALSE	wt/wt	FALSE	0	0	1	NA
AY0087-C	0	1	32	21	TRUE	119S/wt	TRUE	0.65625	0.39622641509434	1.5	NA
AY0088-C	0	1	33	40	TRUE	119S/wt	TRUE	1.21212121212121	0.547945205479452	2	NA
AY0089-C	0	1	26	63	TRUE	119S/wt	TRUE	2.42307692307692	0.707865168539326	2.5	NA
AY0090-C	0	1	27	33	TRUE	119S/wt	TRUE	1.22222222222222	0.55	2	NA
AY0091-C	0	1	29	36	TRUE	119S/wt	TRUE	1.24137931034483	0.553846153846154	2	NA
